new_id,id,description,date,sources,actions,struggles,struggle_type,employment_types,locations,online,companies,workers,tags,author,locations_str,,,,,,
1,37,"Mozilla employees used a number of means to call for the resignation of CEO Brendan Eich who donated $1,000 in 2008 to support California's Proposition 8, legislature that would have made gay marriage illegal in the state. Three of Mozilla Foundation's board members resigned in protest, and other employees took to social media and wrote blog posts. Other companies, most prominently dating site OKCupid, encouraged their users to stop using the Firefox browser. Eich did ultimately resign.",4/3/2014,"https://www.telegraph.co.uk/technology/news/10729575/mozilla-staff-call-for-new-ceo-to-stand-down-over-donation-to-anti-gay-marriage-campaign.html, https://www.dailymail.co.uk/news/article-2596405/mozilla-ceo-resigns-furor-gay-rights.html",protest,discrimination,external,"white collar workers,inhouse workers,knowledge workers",mountain view-california-usa,,"mozilla,okcupid",,lgbtq,nataliyaned,mountain view-california-usa,,,,,,
2,38,"Tech workers from Google, Apple, Intel, and Adobe Systems brought a class action lawsuit against their respective companies, claiming that they conspired to keep salaries down by adhering to 'no-hire' agreements among themselves. The case ended in a $325 million settlement that paid out roughly $4,000 to 60,000 employees. ",4/19/2014,"https://www.nbcnews.com/tech/tech-news/workers-tech-poaching-case-likely-get-average-4k-n113451, https://www.independent.ie/business/technology/four-us-tech-firms-face-3bn-payout-over-claims-they-conspired-on-pay-30199663.html",legal action,pay and benefits,internal,"white collar workers,inhouse workers,knowledge workers",california-usa,,"google,apple,intel,adobe",60000,,nataliyaned,california-usa,,,,,,
3,40,"A group of temporary workers at Microsoft has signed its first union contract with their employer, a rare feat in a technology industry typically unfriendly to organized labor. 38 bug testers who review Microsoft apps voted to create a union, the Temporary Workers of America. They work full time in Microsoft's offices but are employed by cloud services contractor Lionbridge.",9/11/2014,"https://www.bloomberg.com/news/articles/2015-04-30/microsoft-contract-workers-are-organizing, https://lionbridgeunion.blogspot.com/","union representation,contract ratification","unfair labor practices,job security",internal,"contract workers,white collar workers",usa,,"microsoft,lionbridge",38,temporary_workers_of_america,organizejs,usa,,,,,,
4,381,"Intel announced layoffs in June 2015 and an additional 12,000 layoffs in April 2016. In response, a group of laid-off Intel employees in Portland, OR formed a group called the ""The Intel Eliminati"" in fall of 2015 and launched a website (pdx-tie.org) in June 2016 for former Intel employees. In June 2016, the group had 200+ members. The group's website features career resources, support, and posts critical of Intel and its management, including alleged age discrimination against older Intel employees in the lay-offs.",6/17/2015,"https://www.bizjournals.com/portland/blog/techflash/2016/06/out-of-the-shadows-intel-eliminati-find-a-public.html, https://www.bizjournals.com/portland/blog/techflash/2016/05/meet-the-intel-eliminati-the-group-of-portlanders.html, https://www.theguardian.com/technology/2016/apr/19/intel-job-cuts-global-restructuring",resources,"job security,discrimination",internal,"white collar workers,knowledge workers,inhouse workers",portland-oregon-usa,checked,intel,201,ageism,CM,portland-oregon-usa,,,,,,
5,63,"IBM employees sign a petition protesting IBM's cooperation with Trump. After the IBM CEO Ginny Rometty sent a letter congratulating Trump on his presidency and refusing to rule out participation from building a muslim registry, IBM employees created a petition on coworker.org to demand that the company acknowledge the diversity of its staff and not work to further the more xenophobic aspects of Trump's agenda.",12/16/2016,"https://www.mic.com/articles/172403/ibm-s-ceo-wrote-trump-a-glowing-letter-employees-responded-with-list-of-demands, https://www.coworker.org/petitions/ibmers-to-ceo-ginni-rometty-affirm-ibm-values, https://theintercept.com/2016/12/19/ibm-employees-launch-petition-protesting-cooperation-with-donald-trump/",open letter,ethics,external,"white collar workers,inhouse workers,knowledge workers",usa,checked,ibm,1000,"muslim_registry,immigration,trump",organizejs,usa,,,,,,
6,66,Google employees around the world walked off the job to protest Pres. Trump's immigration ban. Google co-founder Sergey Brin and CEO Sundar Pichai spoke at the walk-out at the Mountain View headquarters.,2/1/2017,"https://www.usatoday.com/story/tech/talkingtech/2017/01/30/googlers-stage-worldwide-walkout-trump-immigration-ban-rally-mountain-view-serge-brin-sundar-pichai/97265938/, https://www.theverge.com/google/2017/1/30/14446466/google-immigration-protest-walkout-trump-googlers-unite
",protest,ethics,external,"white collar workers,inhouse workers,knowledge workers","mountain view-california-usa,worldwide",,google,2000,"immigration,trump",nataliyaned,"mountain view-california-usa, worldwide",,,,,,
7,67,A 'handful' of Facebook employees have vowed not to fly for 90 days following Pres. Trump's immigration ban. The company has said it is not affiliated with this protest.,2/4/2017,https://www.businessinsider.com/facebook-employees-protes-trumps-immigration-ban-by-boycotting-flying-2017-2,protest,ethics,external,"white collar workers,inhouse workers,knowledge workers",usa,,facebook,3,"immigration,trump",nataliyaned,usa,,,,,,
8,75,"After fighting for better working conditions, tech workers at Lanetix sent a letter to management outlining workplace grievances and announcing their intention to unionize with NewsGuild-CWA. They also filed a petition with the National Labor Relations Board (NLRB). The entire engineering staff was terminated after the petition was filed. In response, the San Francisco Tech Workers' Coalition, Lanetix workers from Virginia and San Francisco, and picketed Lanetix's offices in San Francisco. The NLRB investigation found evidence of unfair labor practices and the workers received a settlement in exchange for waiving their right to be reinstated.",1/16/2018,"https://www.jacobinmag.com/2018/04/lanetix-tech-workers-unionization-campaign-firing, https://www.bloomberg.com/news/articles/2018-11-10/software-startup-accused-of-union-busting-will-pay-ex-employees, https://gist.github.com/bwestergard/a5ddc5583d37554cc40a0e2b86511371, https://gist.github.com/bwestergard/11f21ed3efa35284f653fce49178eaae, https://www.sfchronicle.com/business/article/sf-tech-company-fired-software-engineers-seeking-12541301.php, https://web.archive.org/web/20180131000726/https://www.bna.com/tech-startup-fires-n73014474793/, https://medium.com/tech-workers-coalition/joint-statement-of-solidarity-with-unjustly-fired-lanetix-workers-354daaa4b306, https://www.bloomberg.com/news/articles/2018-02-26/coders-want-to-unionize-with-help-from-trump, http://www.sfweekly.com/news/s-f-tech-workers-protest-for-the-right-to-unionize/, https://nplusonemag.com/issue-31/politics/code-red/, http://www.spacedaily.com/afp/180427012948.386pka56.html, https://www.youtube.com/watch?v=itihrpelgka#t=1h26m27s, https://www.fastcompany.com/90209362/from-amazon-to-microsoft-tech-companies-faced-yet-another-ethical-reckoning-this-week, https://www.theguardian.com/commentisfree/2018/aug/09/silicon-valley-tech-workers-labor-activism, https://www.wired.com/story/labor-board-backs-startup-engineers-fired-unionizing/, https://www.fastcompany.com/90250388/the-advocate-bjorn-westergard, https://www.fastcompany.com/90244860/silicon-valleys-new-playbook-for-tech-worker-led-resistance, https://www.vice.com/en_us/article/598kyx/the-future-of-capitalism-is-san-francisco-on-steroids-v25n3, http://www.newsguild.org/mediaguild3/software-company-learns-a-tough-lesson-about-union-busting-fired-workers-win-big-back-pay-settlement/",union drive,"working conditions,unfair labor practices",internal,"white collar workers,inhouse workers,knowledge workers","san francisco-california-usa,virginia-usa",,lanetix,15,,organizejs,"san francisco-california-usa, virginia-usa",,,,,,
9,85,"Google employees have led a campaign demanding that the companies terminate its contract with the Pentagon for Project Maven, a program that uses machine learning to improve targeting for drone strikes. Nearly five thousand Google workers signed an internal petition to cancel the project, and dozens resigned.",5/30/2018,"https://jacobinmag.com/2018/06/google-project-maven-military-tech-workers, https://www.nytimes.com/2018/05/30/technology/google-project-maven-pentagon.html, https://www.coworker.org/petition/tech-should-not-be-in-the-business-of-war",open letter,ethics,external,"white collar workers,inhouse workers,knowledge workers",usa,checked,google,5000,military_contracts,organizejs,usa,,,,,,
10,89,"In an open letter posted to Microsoft's internal message board on Tuesday, hundreds of employees protested Microsoft's work with Immigration and Customs Enforcement and demanding that the companies stop working with the agency.",6/19/2018,"https://www.nytimes.com/2018/06/19/technology/tech-companies-immigration-border.html, https://www.theverge.com/2018/6/21/17488328/microsoft-ice-employees-signatures-protest",open letter,ethics,external,"white collar workers,inhouse workers,knowledge workers",usa,checked,microsoft,300,ice,organizejs,usa,,,,,,
11,90,"Workers at Amazon are circulating an internal letter to CEO Jeff Bezos, asking him to stop selling the companies's Rekognition facial recognition software to law enforcement and to boot the data-mining firm Palantir from its cloud services.",6/21/2018,"https://thehill.com/business-a-lobbying/393583-amazon-employees-protest-sale-of-facial-recognition-tech-to-law, https://www.businessinsider.com/over-100-amazon-employees-sign-letter-jeff-bezos-stop-selling-facial-recognition-software-police-2018-6",open letter,ethics,external,"white collar workers,inhouse workers,knowledge workers",usa,checked,"amazon,palantir",100,law_enforcement,organizejs,usa,,,,,,
12,91,"Earlier this year, a group of influential software engineers in Google’s cloud division, referred to as the 'Group of Nine', surprised their superiors by refusing to work on a cutting-edge security feature. Known as “air gap,” the technology would have helped Google win sensitive military contracts. The coders weren’t persuaded their employer should be using its technological might to help the government wage war, according to four current and former employees. After hearing the engineers’ objections, Urs Hölzle, Google’s top technical executive, said the air gap feature would be postponed, one of the people said. ",6/21/2018,https://www.bloomberg.com/news/articles/2018-06-21/google-engineers-refused-to-build-security-tool-to-win-military-contracts,protest,ethics,external,"white collar workers,inhouse workers,knowledge workers",usa,,google,9,military_contracts,organizejs,usa,,,,,,
13,92,Hundreds of Salesforce.com Inc. employees signed a letter to Chief Executive Officer Marc Benioff criticizing the companies's contracts with the U.S. Customs and Border Protection agency.,6/25/2018,https://www.bloomberg.com/news/articles/2018-06-25/salesforce-employees-ask-ceo-to-revisit-ties-with-border-agency,open letter,ethics,external,"white collar workers,inhouse workers,knowledge workers",usa,checked,salesforce,650,cbp,organizejs,usa,,,,,,
14,397,"Two Microsoft employees presented their CEO with an online petition including more than 300,000 signatures (including 500 employees) calling for the firm to cancel their contract with the US Immigration and Customs Enforcement Agency. The action took place during an annual gathering at company headquarters. Earlier in the year, the company had published a blog post saying it was ""proud to support"" the agency through technologies that included facial recognition software.",7/26/2018,"https://www.nytimes.com/2018/07/26/technology/microsoft-ice-immigration.html, https://www.nbcnews.com/tech/tech-news/microsoft-backtracks-proud-support-ice-blog-post-goes-viral-n884446","open letter,protest",ethics,external,"white collar workers,inhouse workers,knowledge workers",redwood shores-california-usa,checked,microsoft,500,"ai,ice,trump",nataliyaned,redwood shores-california-usa,,,,,,
15,101,An open letter signed by 'employees of Microsoft' asks the cloud giant to abstain from bidding on the military's massive JEDI cloud computing contract for ethical reasons involving the application of artificial intelligence.,10/12/2018,https://medium.com/s/story/an-open-letter-to-microsoft-dont-bid-on-the-us-military-s-project-jedi-7279338b7132,open letter,ethics,external,"white collar workers,inhouse workers,knowledge workers",usa,checked,microsoft,,,organizejs,usa,,,,,,
16,103,"Google employees and contractors walked out of the companies's offices around the world, one week after the New York Times reported that Google had protected three executives accused of sexual misconduct.",11/1/2018,"https://www.nytimes.com/2018/11/01/technology/google-walkout-sexual-harassment.html, https://www.recode.net/2018/11/21/18105719/google-walkout-real-change-organizers-protest-discrimination-kara-swisher-recode-decode-podcast",strike,discrimination,"external,internal","white collar workers,contract workers,inhouse workers,knowledge workers","usa,worldwide",,google,20000,sexism,organizejs,"usa, worldwide",,,,,,
17,107,"Google employees have signed an open letter published Tuesday on Medium demanding that the companies cease work on Project Dragonfly, which is aimed at creating a search engine that the Chinese government would be able to control to censor certain results and surveil users. 'International human rights organizations and investigative reporters have also sounded the alarm, emphasizing serious human rights concerns and repeatedly calling on Google to cancel the project,' the letter reads in part. 'So far, our leadership's response has been unsatisfactory.",11/27/2018,"https://medium.com/@googlersagainstdragonfly/we-are-google-employees-google-must-drop-dragonfly-4c8a30c5e5eb, https://slate.com/technology/2018/11/google-employees-sign-petition-to-end-project-dragonfly.html",open letter,ethics,external,"white collar workers,inhouse workers,knowledge workers","usa,china",checked,google,740,,organizejs,"usa, china",,,,,,
18,110,"20 subcontractors working at Facebook Reality Labs signed a letter to their contracting firm, Filter Digital, seeking better employment terms. The letter addressed inequities between the Filter employees and other employees at the Facebook facility, including workers employed by other contractors. Ex. Facebook closes its office for 11 holidays per year, according to the letter, but Filter only observes five of those holidays. Since Facebook's offices are closed on those days, preventing the Filter employees from working, they are forced to use six out of their 10 days of paid time off to cover the other holidays – or go without pay. A Facebook FTE shared a copy of the letter on Workplace and 'got a lot of positive reception from full time employees and other contingent workers",12/6/2018,"https://www.theguardian.com/technology/2018/dec/20/facebook-contractors-filter-digital-labor-dispute-christmas, https://medium.com/@techworkersco_79433/who-fired-the-ras-organizing-the-worst-job-at-facebook-97c63cb40683",open letter,"working conditions,pay and benefits",internal,"contract workers,white collar workers",seattle-washington-usa,,"facebook,filter_digital",20,coworker_solidarity,organizejs,seattle-washington-usa,,,,,,
19,117,"Microsoft employees circulated a letter among the companies' over 130,000-person staff demanding that executives cancel a $479 million contract with the US Army, IVAS, that will provide weapons technology to the U.S. Military to 'increase lethality' to army soldiers. 'We did not sign up to develop weapons, and we demand a say in how our work is used.",2/22/2019,"https://slate.com/technology/2019/02/microsoft-workers-protest-hololens-pentagon-contract.html, https://www.buzzfeednews.com/article/carolineodonovan/microsoft-hololens-army",open letter,ethics,external,"white collar workers,inhouse workers,knowledge workers","online,usa",checked,microsoft,290,military_contracts,organizejs,"online, usa",,,,,,
20,119,A group of employees at Amazon have called for the company to provide a backup daycare benefit. The group collected accounts of employees who have been negatively impacted by a lack of daycare to present to senior managers. They have also called for management to collect more data on child care among employees.,3/4/2019,https://www.bloomberg.com/news/articles/2019-03-04/holdout-jeff-bezos-confronted-by-amazon-moms-demanding-daycare,protest,pay and benefits,internal,"white collar workers,inhouse workers,knowledge workers",seattle-washington-usa,,amazon,1800,"sexism,child_care",nataliyaned,seattle-washington-usa,,,,,,
21,121,"Employees at Brooklyn's crowdfunding giant Kickstarter are forming a labor union called Kickstarter United, which will aim to secure more rights for the companies's workers. If recognized by the companies, Kickstarter would become the first major tech companies in the US to have union representation.",3/19/2019,https://www.theverge.com/2019/3/19/18254995/kickstarter-unionizing-union-representation-inclusivity-transparency-tech-us-crowdfunding,union drive,working conditions,internal,"white collar workers,inhouse workers,knowledge workers",brooklyn-new york city-new york-usa,,kickstarter,,,organizejs,brooklyn-new york city-new york-usa,,,,,,
22,126,"A group of Google employees have called for the removal of a rightwing thinktank leader from the companies's new artificial intelligence council, citing her anti-LGBT and anti-immigrant record. Academic, civil society, and industry supporters have also signed the petition in mass.",4/1/2019,"https://www.theguardian.com/technology/2019/apr/01/google-kay-coles-james-removal-employees-letter, https://medium.com/@against.transphobia/googlers-against-transphobia-and-hate-b1b0a5dbf76",open letter,"discrimination,ethics",external,"white collar workers,inhouse workers,knowledge workers",usa,checked,google,2556,"ai,immigration,lgbtq",organizejs,usa,,,,,,
23,125,"Recently fired NPM employees claim they were punished for trying to form a union. Four complaints have been filed with the National Labor Relations Board, alleging labor law violations by management.",4/1/2019,"https://www.theregister.co.uk/2019/04/22/npm_fired_staff_union_complaints, https://www.salon.com/2019/04/30/software-engineers-at-prominent-tech-firm-say-they-were-fired-for-trying-to-unionize-report/",union drive,working conditions,internal,"white collar workers,inhouse workers,knowledge workers",oakland-california-usa,,npm,3,,bentarnoff,oakland-california-usa,,,,,,
24,127,"More than 900 Google workers have signed a letter objecting to the tech giant's treatment of temporary contractors, in what organizers are calling a 'historical coalition' between Google's full-time employees (FTEs) and temps, vendors and contractors (TVCs).",4/2/2019,https://www.theguardian.com/technology/2019/apr/02/google-workers-sign-letter-temp-contractors-protest,open letter,discrimination,external,"white collar workers,inhouse workers,knowledge workers",usa,checked,google,900,coworker_solidarity,organizejs,usa,,,,,,
25,128,"A group of Microsoft employees appeared at an employee meeting with CEO Satya Nadella Thursday to protest the companies's treatment of women. It's not clear how many were part of the protest, but some female and male employees at the event wore all white, inspired by the congresswomen who wore suffragette white to the State of the Union in February.",4/4/2019,https://www.wired.com/story/microsoft-employees-protest-treatment-women-ceo-nadella/,protest,discrimination,internal,"white collar workers,inhouse workers,knowledge workers",seattle-washington-usa,,microsoft,,sexism,organizejs,seattle-washington-usa,,,,,,
26,129,The company's corporate employees signed their names to a letter published on Wednesday that urged Jeff Bezos to create a comprehensive climate-change plan for the company.,4/10/2019,"https://www.recode.net/2019/4/10/18304877/amazon-climate-change-employees-tech-activism, https://www.vox.com/business-and-finance/2019/4/11/18306389/amazon-employees-climate-change-plan",open letter,ethics,external,"white collar workers,inhouse workers,knowledge workers",usa,checked,amazon,7000,climate_change,organizejs,usa,,,,,,
27,132,"Microsoft and GitHub workers have published an open letter of solidarity with the 996 movement on GitHub at https://github.com/MSWorkers/support.996.ICU, and have called on Microsoft to resist all pressure from the Chinese government to block or censor the 996 repo.",4/22/2019,"https://www.bloomberg.com/news/articles/2019-04-22/microsoft-workers-criticize-block-of-github-protest-in-china, https://www.buzzfeednews.com/article/carolineodonovan/microsoft-petition-996-icu-workweek-china, https://gizmodo.com/microsoft-and-github-workers-take-a-stand-against-gruel-1834210579, https://github.com/MSWorkers/support.996.ICU/blob/master/README.md
",open letter,"working conditions,unfair labor practices",external,"white collar workers,inhouse workers,knowledge workers","worldwide,usa",checked,"microsoft,github",450,"international_solidarity,industry_solidarity",bentarnoff,"worldwide, usa",,,,,,
28,134,"Meredith Whittaker and Claire Stapleton held a town hall for Google workers to discuss the retaliation they have faced from management for engaging in organizing, and to share more than a dozen other stories of retaliation they have gathered. The meeting was held in New York but live-streamed to Google offices elsewhere. This action involved hundreds of workers.",4/26/2019,"https://www.wired.com/story/dispute-googles-alleged-retaliation-intensifies/, https://www.bloomberg.com/news/articles/2019-04-26/google-staffers-share-350-stories-of-systemic-retaliation",protest,working conditions,internal,"white collar workers,inhouse workers,knowledge workers",new york city-new york-usa,,google,200,retaliation,bentarnoff,new york city-new york-usa,,,,,,
29,135,"Google workers stage a sit-in on May Day, following allegations of retaliation from the company against employees who participated in walkouts last year. 'Googlers from around the world gathered at 11am local time to sit together and show retaliation is #NotOkGoogle. The stories we've been collecting will be shared, demands will be read, and all will be in solidarity with those withstanding this chilling practice.",5/1/2019,"https://slate.com/technology/2019/05/google-employees-are-protesting-to-remain-the-companys-watchdog.html, https://www.cnn.com/2019/05/01/tech/google-employees-protest-may-day/index.html, https://twitter.com/googlewalkout/status/1123294379609870337?s=20",protest,working conditions,internal,"white collar workers,inhouse workers,knowledge workers","usa,worldwide",,google,1000,retaliation,organizejs,"usa, worldwide",,,,,,
30,138,"Google employees publish an open letter demanding that Alphabet CEO Larry Page 'immediately and publicly address the Walkout’s demands, and recommit Google to meeting them.' The list of demands also asks for the company to allow Meredith to continue her work, fully funded, as before and to allow Claire to change teams without further retaliation. The letter calls out the broken nature of the HR department at Google, and demands for an open and transparent investigation on the department.",5/8/2019,"https://medium.com/@googlewalkout/notokgoogle-demands-regarding-retaliation-697da244146f, https://observer.com/2019/05/alphabet-ceo-larry-page-employees-walkouts/",open letter,"working conditions,discrimination","internal,external","white collar workers,inhouse workers,knowledge workers",usa,,google,,retaliation,organizejs,usa,,,,,,
31,137,"But for the past seven months, roughly a dozen moderators in the United States have been spearheading a quiet campaign inside the social media giant to air their grievances about unsatisfactory working conditions and their status as second-class citizens. The contractors, who have not previously spoken publicly about their efforts, are using their access to Facebook Workplace, the social network’s internal communication system, to wage their battle.",5/8/2019,"https://www.washingtonpost.com/technology/2019/05/08/inside-facebook-second-class-workers-who-do-hardest-job-are-waging-quiet-battle/?noredirect=on&utm_term=.832acb00f260, https://www.washingtonpost.com/business/2019/05/13/facebook-raising-pay-support-services-thousands-contractors-content-moderators/?utm_term=.f0b4e7b4bf3e",protest,working conditions,internal,"contract workers,white collar workers",usa,,"facebook,accenture",12,moderators,organizejs,usa,,,,,,
32,141,"More than 50 Amazon employees from Amazon Employees for Climate Justice attended the shareholder meeting, where Emily Cunningham delivered an impassioned speech to shareholders urging them to support the resolution for Amazon to adopt a strong climate plan. Jeff Bezos did not come on stage when asked by Cunningham to make an appearance. Shareholders voted no.",5/22/2019,"https://www.vox.com/recode/2019/5/22/18635604/amazon-shareholder-meeting-2019-climate-change-proposal, https://gizmodo.com/jeff-bezos-wouldn-t-even-come-on-stage-to-listen-to-his-1834957220",protest,ethics,external,"white collar workers,inhouse workers,knowledge workers",seattle-washington-usa,,amazon,50,climate_change,organizejs,seattle-washington-usa,,,,,,
33,145,"Workers for workers, a group of Facebook employees who organize to support the company's contract workers, started a gofundme campaign to materially support 9 contingent workers who were fired for violating non-existant company policy. Workers for Workers is drawing on its network of mostly tech workers to provide support for the 9 contingent workers who were suddenly let go. The campaign will support these folks in their hour of greatest need, aiming to raise $40,000 to cover their basic living expenses for the next two months as they seek to clear their name within Facebook and find a new job on short notice. ",6/12/2019,"https://www.gofundme.com/f/solidarity-fund-for-fired-fb-contingent-workers, https://medium.com/@techworkersco_79433/who-fired-the-ras-organizing-the-worst-job-at-facebook-97c63cb40683",protest,job security,external,"white collar workers,inhouse workers,knowledge workers",seattle-washington-usa,,facebook,150,"coworker_solidarity,funding_raising,twc",organizejs,seattle-washington-usa,,,,,,
34,148,"Google employees protest at Alphabet's shareholder meeting, joining community activists in demanding change from Google on how it handles sexual harassment in the workplace and its plans to build a censored search engine for China. Around 100 Google employees and community activists also protested as a united group outside Alphabet headquarters during the meeting. Google employees; labor and activist coalition Silicon Valley Rising; SEIU-USWW (a union representing janitorial staff and security officers); and local community groups helped organize the rally outside the meeting.",6/19/2019,https://www.vox.com/recode/2019/6/19/18691870/google-employees-activists-protest-alphabet-shareholder-meeting,protest,"discrimination,ethics",external,"white collar workers,inhouse workers,knowledge workers",sunnyvale-california-usa,,google,100,"coworker_solidarity,sexism",organizejs,sunnyvale-california-usa,,,,,,
35,149,"A group of more than 30 Microsoft employees is lobbying coworkers to stop donating to the company's political action committee in an effort to starve the PAC of funds. While Microsoft pitches itself as an inclusive and progressive company — especially during Pride Month, with tweets and donations to LGBTQ+ causes — employees who have donated to the PAC say they have no control over which candidates are being supported, meaning that they have no say when the PAC financially supports bigoted candidates. On July 2019, Microsoft has temporarily halted political donations through its political action committee after facing this backlash from employees.",6/24/2019,"https://onezero.medium.com/a-group-of-microsoft-employees-is-fighting-the-companys-political-action-committee-7dae732290e3, https://politics.slashdot.org/story/19/06/24/1835230/a-group-of-microsoft-employees-is-fighting-the-companys-political-action-committee, https://www.geekwire.com/2019/internal-email-microsoft-suspends-pac-donations-temporarily-following-employee-uproar",protest,"ethics,discrimination",external,"white collar workers,inhouse workers,knowledge workers",seattle-washington-usa,,microsoft,30,lgbtq,organizejs,seattle-washington-usa,,,,,,
36,150,"About 100 Google employees urged the organizer of this weekend's San Francisco Pride parade to kick the company out of the celebration, escalating pressure on the internet giant to overhaul its handling of hate speech online. The employees wrote a letter to the board of directors of San Francisco Pride, asking that Google be dropped as a sponsor of the parade as well as excluded from having a presence at the event.",6/26/2019,"https://www.bloomberg.com/news/articles/2019-06-26/google-workers-petition-sf-pride-to-exclude-company-from-parade, https://medium.com/@bangooglefrompride/an-open-petition-to-the-san-francisco-pride-board-of-directors-f8164486c2e4",open letter,discrimination,external,"white collar workers,inhouse workers,knowledge workers",san francisco-california-usa,,google,100,lgbtq,organizejs,san francisco-california-usa,,,,,,
37,151,"Hundreds of workers at the online retailer Wayfair walked out of their jobs yesterday to protest the comapny's sale of $200,000 worth of bedroom furniture to a government contractor that operates a network of shelters for migrant children near the southwestern border. More than 500 employees signed a petition to the CEO calling for him to cease all business with the contractor and establish a code of ethics for their sales.",6/26/2019,"https://www.nytimes.com/2019/06/26/business/wayfair-walkout.html, https://www.cnn.com/2019/06/25/business/wayfair-walkout-detention-camps-trnd/index.html, https://www.jacobinmag.com/2019/06/wayfair-walkout-immigration-detention-centers",strike,ethics,external,"white collar workers,inhouse workers,knowledge workers",boston-massachusetts-usa,,wayfair,500,ice,organizejs,boston-massachusetts-usa,,,,,,
38,152,"Google workers, under the name “Ban Google From Pride,” protest their employer at Pride Parade amid controversy in the LGBTQ community over the company's harassment policies on YouTube videos.",6/30/2019,"https://www.vox.com/platform/amp/recode/2019/6/28/19303292/google-protest-pride-parade-lgbtq-youtube-harassment, https://medium.com/@bangooglefrompride/ban-google-from-pride-to-march-in-protest-of-harassment-and-discrimination-on-youtube-d8dcc6fde06e, https://twitter.com/shiringhaffary/status/1145387654202048512?s=19",protest,discrimination,external,"white collar workers,inhouse workers,knowledge workers",san francisco-california-usa,,google,23,lgbtq,organizejs,san francisco-california-usa,,,,,,
39,155,"Amazon employees sent out an internal email calling on Amazon to stop working with the big data company Palantir, which works with federal agency Immigration and Customs Enforcement (ICE). This email, sent to employee mailing lists within Amazon Web Services, demanded that Palantir be removed from Amazon's cloud for violating its terms of service. It also called on Amazon to take a stand against ICE by making a statement establishing its position against immigration raids, deportations, and camps for migrants at the border.",7/11/2019,"https://www.forbes.com/sites/rachelsandler/2019/07/11/internal-email-amazon-faces-pressure-from-more-than-500-employees-to-cut-ties-with-palantir-for-working-with-ice/#7707abe77539, https://www.businessinsider.com/amazon-employees-letter-protest-palantir-ice-camps-2019-7?r=us&ir=t",open letter,ethics,external,"white collar workers,inhouse workers,knowledge workers",usa,,"amazon,palantir",,ice,organizejs,usa,,,,,,
40,161,"Cafeteria workers from Facebook's downtown San Francisco office picketed for higher wages, shorter working days, and improved healthcare coverage. The actions followed months of negotiation with the group's union Unite Here Local 2. The employees, who are contracted by Facebook through Flagship Facility Services, cited the high cost of living in the Bay Area and their need to work multiple jobs as motivations for the protest. Full-time employees from Google and Facebook joined the protest in support.",7/16/2019,"https://www.sfchronicle.com/business/article/facebook-cafeteria-workers-protest-pay-hours-in-14100891.php, https://www.sfexaminer.com/the-city/facebook-cafeteria-workers-call-out-social-media-giant/, https://www.theguardian.com/us-news/2019/jul/22/facebook-cafeteria-workers-protest",protest,"pay and benefits,working conditions",external,"blue collar workers,contract workers,white collar workers,knowledge workers",san francisco-california-usa,,facebook,50,"unite_here,coworker_solidarity",nataliyaned,san francisco-california-usa,,,,,,
41,164,"Google settled a class action lawsuit launched by several hundred older workers who claimed they were not hired by the company on the basis of their age. The company paid out $11 million to the plaintiffs. Between 2007 to 2013, they argued, the median age in the tech industry was 41, while the median age at Google was 29.",7/23/2019,https://www.seattletimes.com/business/google-settles-age-discrimination-class-action-lawsuit-with-more-than-200-workers-for-11-million/,legal action,discrimination,internal,"white collar workers,inhouse workers,knowledge workers",usa,,google,200,ageism,nataliyaned,usa,,,,,,
42,167,"Dozens of WalMart tech workers rallied in San Bruno to protest gun violence and continued sale of weapons by WalMart which is the largest distributor of guns in the United States. They also had a moment of silence for the victims and families murdered and injured in the violent racist attacks. There are over 1,000 workers at the largest tech center of WalMart in the world. This was the first collective action of WalMart tech workers in the United States. They were also joined by a delegation of Youtube workers in solidarity. Youtube workers have also faced violent attacks at their work location in San Bruno.",8/7/2019,https://www.indybay.org/newsitems/2019/08/07/18825265.php,protest,ethics,external,"white collar workers,inhouse workers,knowledge workers",san bruno-california-usa,,walmart,24,"industry_solidarity,gun_violence",organizejs,san bruno-california-usa,,,,,,
43,170,"After the El Paso and Gilroy shootings, A collective of prominent tech leaders that calls itself Build Tech We Trust signed a letter demanding that the tech industry stop the spread of hate and terrorism on digital platforms. 'We are a collective of tech CEOs, activists, changemakers, and workers who believe the time to act to counter the hate and terrorism is now,' stated the letter, which was signed by over 20 notable figures in the tech industry, including Ellen Pao, ReadySet CEO Y-Vonne Hutchinson, and Code2040 CEO Karla Monterroso.",8/13/2019,https://www.theverge.com/2019/8/14/20805968/caviar-employees-doordash-square-acquisition-mistreatment-renegotiate-offers,open letter,ethics,external,"white collar workers,knowledge workers",usa,,,,,organizejs,usa,,,,,,
44,171,Google employees are demanding an end to the company’s work with agencies like CBP and ICE. Employees are circulating a petition asking the company not to bid on contracts with government agencies that enforce controversial immigration policies such as child detention.,8/14/2019,"https://medium.com/@no.gcp.for.cbp/google-must-stand-against-human-rights-abuses-nogcpforcbp-88c60e1fc35e, https://www.vox.com/2019/8/14/20805562/human-rights-concerns-google-employees-petition-cbp-ice",open letter,ethics,external,"white collar workers,knowledge workers,inhouse workers",usa,checked,google,600,,organizejs,usa,,,,,,
45,172,"A group of Caviar employees has banded together to request a good faith renegotiation from DoorDash and Square, claiming mistreatment in the job transition process as DoorDash finalizes its plans to acquire Caviar from the payment company. It is unclear how many people this letter represents, though an anonymous Caviar member claims that the group is made up of the 'majority' of non-management employees. (According to Crunchbase, Caviar employs between 100 and 250 people.)",8/14/2019,https://www.theverge.com/2019/8/14/20805968/caviar-employees-doordash-square-acquisition-mistreatment-renegotiate-offers,protest,pay and benefits,internal,"white collar workers,knowledge workers,inhouse workers",usa,,"doordash,caviar,square",,,organizejs,usa,,,,,,
46,173,More than 60' Palantir employees have signed a petition to management calling for the company to send profits from ICE contracts to charity. This comes after the company renewed its second contract with ICE on Aug. 19.,8/22/2019,"https://www.washingtonpost.com/business/2019/08/22/war-inside-palantir-data-mining-firms-ties-ice-under-attack-by-employees/, https://www.businessinsider.com/palantir-employees-ice-petition-alex-karp-2019-8","open letter,protest",ethics,external,"white collar workers,knowledge workers,inhouse workers",usa,,palantir,61,"immigration,ice",nataliyaned,usa,,,,,,
47,175,"Google contract workers in Pittsburgh voted to unionize and petitioned the National Labor Relations Board to set up a representation election. Two-thirds of the workers, formally employed by HCL America, were in favor of the action. United Steelworkers helped to organize the union drive through their Pittsburgh Association of Tech Professionals (PATP) project. News outlets report that this is the first successful unionization of white-collar tech contractors. Workers intend to use their position to bargain for compensation, benefits, and job security comparable to Google employees. Google currently employs more contract workers (135,000) than direct Google employees (115,000) according to the Guardian. A group of Google employees have signed a letter of support and others have published a petition calling for the company to sign a neutrality agreement and abstain from union-busting tactics.",8/30/2019,"https://www.washingtonpost.com/technology/2019/08/30/google-contract-workers-vote-form-union-amid-employee-discord-over-treatment/, https://www.salon.com/2019/09/25/in-historic-first-tech-contractors-for-google-vote-to-unionize/, https://www.theguardian.com/technology/2019/sep/23/google-pittsburgh-union-roots-transform-tech-industry",union representation,"pay and benefits,working conditions,job security",internal,"contract workers,white collar workers",pittsburgh-pennsylvania-usa,,"google,alphabet",73,,nataliyaned,pittsburgh-pennsylvania-usa,,,,,,
48,178,"A group of Facebook employees published an anonymous memo saying the culture at the company has only gotten worse for nonwhite workers. Published on Medium, the letter documents a variety of micro- and full-blown aggressions employees say they have endured over the last year from managers, HR, and their white colleagues. The memo was co-written by 12 current employees, including black, Latinx, and Asian women workers. One program manager describes being told by two white employees to 'clean up after their mess' at breakfast. When the program manager flagged the incident for their supervisor, they were told to 'dress more professionally.'",9/7/2019,"https://medium.com/@blindfb2020/facebook-empowers-racism-against-its-employees-of-color-fbbfaf55ab76, https://www.theroot.com/black-facebook-workers-write-open-letter-to-company-we-1839776402",open letter,discrimination,internal,"white collar workers,inhouse workers,knowledge workers",usa,checked,facebook,12,"antiracism,sexism",organizejs,usa,,,,,,
49,179,"Over 1700 Amazon employees have signed an internal petition pledging to walk out over their employer's lack of action on climate change. The demonstration, scheduled to start at 11:30 am Pacific time on September 20, will mark the first time in Amazon’s 25-year history that workers at its Seattle headquarters have walked off the job, though many are taking paid vacation to do so. Most of the workers who have signed on so far work in Seattle, but employees in other offices, including in Europe, have indicated an interest in the event as well. The protest is part of a global general strike on September 20th 2019.",9/9/2019,"https://medium.com/@amazonemployeesclimatejustice/amazon-employees-are-joining-the-global-climate-walkout-9-20-9bfa4cbb1ce3, https://www.wired.com/story/amazon-walkout-climate-change/","open letter,strike",ethics,external,"white collar workers,inhouse workers,knowledge workers",seattle-washington-usa,checked,amazon,1700,"climate_strike,climate_change",organizejs,seattle-washington-usa,,,,,,
50,181,"Microsoft employees are using a shared Google spreadsheet to compile data on salary and bonuses. The spreadsheet also makes note of employee level, or rank, within the company in an attempt to encourage greater transparency on compensation.",9/13/2019,https://onezero.medium.com/leak-of-microsoft-salaries-shows-fight-for-higher-compensation-3010c589b41e,protest,"pay and benefits,working conditions",internal,"white collar workers,inhouse workers,knowledge workers",usa,checked,microsoft,400,,nataliyaned,usa,,,,,,
51,183,"Google employees have announced they are joining their big tech counterparts at Amazon and Microsoft in walking off the job on Sept. 20 to participate in the global climate strike. Over 2,000 Google workers have signed a pledge supporting climate action at Google. They will be sharing their reasons for signing on their Twitter page. The protest is part of a global general strike on September 20th 2019.",9/17/2019,"https://medium.com/@googworkersac/google-workers-are-striking-for-climate-sept-20-7eba2100b621, https://fortune.com/2019/09/16/global-climate-strike-protest-google-amazon-microsoft-walkout","open letter,strike",ethics,external,"white collar workers,inhouse workers,knowledge workers",usa,checked,google,2000,"climate_strike,climate_change",organizejs,usa,,,,,,
52,184,"Mere days before Microsoft workers are set to walk out of their jobs and publicly call on their employer to reduce carbon emissions and sever its ties with fossil fuel companies, the tech giant has announced a major partnership with two of the biggest corporations in the oil industry. Microsoft employees have responded with a fiery statement condemning the partnership and calling on fellow employees to join them in walking out on September 20th. The protest is part of a global general strike on September 20th 2019.",9/18/2019,"https://github.com/msworkers/for.climateaction, https://gizmodo.com/just-days-ahead-of-employee-climate-strike-microsoft-a-1838229409","open letter,strike",ethics,external,"white collar workers,inhouse workers,knowledge workers",seattle-washington-usa,checked,microsoft,300,"climate_strike,climate_change",organizejs,seattle-washington-usa,,,,,,
53,449,"[motion-to-delete] A former employee of Chef, a Seattle-based tech firm,
protested the company's involvement with ICE by deleting open source projects used by Chef customers. The CEO of Chef initially defended the decision to work with ICE but within a week, reversed course and canceled their contract following internal protests and advocacy by Chef employees.  ",9/19/2019,"https://www.geekwire.com/2019/tech-company-chef-wont-renew-u-s-immigration-contracts-changing-course-amid-employee-activism/, https://seattleglobalist.com/2019/10/09/seattle-tech-firm-announces-end-of-ice-contracts/88379, https://github.com/sethvargo/chef-sugar",protest,ethics,external,"white collar workers,inhouse workers,knowledge workers",seattle-washington-usa,checked,chef,2,"ice,immigration",william boag,seattle-washington-usa,,,,,,
54,186,Google employees created an internal document describing cases of discrimination and retaliation by the company. 45 cases were reported.,9/23/2019,https://www.vice.com/en_us/article/vb53wy/45-google-employees-explain-how-they-were-retaliated-against-for-reporting-abuse,protest,discrimination,internal,"white collar workers,inhouse workers,knowledge workers","usa,online",checked,google,45,"antiracism,sexism",nataliyaned,"usa, online",,,,,,
55,190,"Over 400 Facebook employees protested publicly against the company's treatment of foreign workers on H1B visas days after a Chinese employee committed suicide by jumping off the roof of a company building. Workers at the company have started publicly posting and speaking out about the mistreatment of international workers, who are only allowed to stay in the US if they are sponsored by their employer and thus face greater pressures not to speak out against working conditions. Two separate GoFundMe pages have been started to raise money for a memorial and a protest event (over $6,000) and for Chen's family (over $122,000). Facebook has since fired one of the employees who organized the protest, Yi Yin. Yin also spoke to the press about the suicide after the company instructed him not to speak about the suicide. ",9/26/2019,"https://www.vice.com/en_us/article/qvgn9q/do-not-discuss-the-incident-facebook-told-employee-fired-after-speaking-about-worker-suicide, https://www.gofundme.com/f/say-no-to-toxic-work-environment, https://www.gofundme.com/f/qinchen-memorial-fund",protest,"ethics,working conditions",internal,"white collar workers,inhouse workers,knowledge workers",menlo park-california-usa,,facebook,400,,nataliyaned,menlo park-california-usa,,,,,,
56,193,"Kickstarter workers have sent a letter to management asking them to voluntarily recognize their union. If management refuses to recognize the union, workers have the option to go to the NLRB to authorize a union election.",10/2/2019,https://www.vice.com/en_us/article/9ken8v/kickstarter-workers-just-asked-for-union-recognition-despite-pushback-from-ceo,union drive,working conditions,internal,"white collar workers,inhouse workers,knowledge workers",brooklyn-new york city-new york-usa,,kickstarter,,,nataliyaned,brooklyn-new york city-new york-usa,,,,,,
57,196,"After GitHub CEO Nat Friedman wrote in an internal letter on Tuesday that the company plans to renew a contract worth $200,000 with ICE to license its GitHub Enterprise Server, GitHub's employees began publicly pressuring their company's leadership to stop working with the immigration agency over human rights concerns.",10/3/2019,"https://www.washingtonpost.com/technology/2019/10/09/employees-ask-github-cancel-ice-contract-we-cannot-offset-human-lives-with-money/, https://www.washingtonpost.com/context/letter-from-github-employees-to-ceo-about-the-company-s-ice-contract/fb280de9-2bc3-40d5-b1a5-e3b954bf0d25/, https://www.vox.com/recode/2019/10/9/20906605/github-ice-contract-immigration-ice-dan-friedman",open letter,ethics,external,"white collar workers,inhouse workers,knowledge workers",usa,checked,"github,microsoft",150,ice,organizejs,usa,,,,,,
58,198,"Microsoft employees are circulating a letter supporting an effort to get its GitHub subsidiary to cancel a contract with the U.S. Immigration and Customs Enforcement agency, the latest effort among tech-company staff to influence corporate policy on government work. The letter reflects concerns that Microsoft’s sales to the agency implicate the software maker in the government’s detention of immigrants. ",10/4/2019,"https://www.bloomberg.com/news/articles/2019-10-10/microsoft-employees-call-to-end-github-ice-contract, https://www.businessinsider.com/microsoft-github-ice-contracts-solidarity-2019-10",open letter,ethics,external,"white collar workers,inhouse workers,knowledge workers",usa,checked,microsoft,200,"ice,industry_solidarity",organizejs,usa,,,,,,
59,200,"More than 250 Facebook employees signed a letter to management protesting the company's decision to keep political ads, including those making false claims, on the social network during the 2020 US Presidential election. The letter was posted on Facebook Workplace, an internal communication service within the company.",10/28/2019,"https://www.nytimes.com/2019/10/28/technology/facebook-mark-zuckerberg-political-ads.html, https://www.nytimes.com/2019/10/28/technology/facebook-mark-zuckerberg-letter.html?action=click&module=relatedlinks&pgtype=article",open letter,ethics,external,"knowledge workers,white collar workers,inhouse workers",usa,checked,facebook,251,,nataliyaned,usa,,,,,,
60,201,Over 200 employees of the data visualization company Tableau protested their company's contracts with the federal government. They called on their company to drop these contracts in oppositio to the actions of ICE (U.S. Immigration and Customs Enforcement) throughout the US and at the US-Mexico border. An open letter was also published on Medium.,10/29/2019,"https://www.geekwire.com/2019/tableau-employees-hold-rally-seattle-ask-leadership-sever-ties-ice-cbp/, https://medium.com/@tableauempethicsalliance/drawing-a-line-77606d6dafff","protest,open letter",ethics,external,"knowledge workers,white collar workers,inhouse workers",seattle-washington-usa,,tableau,201,"ice,immigration",nataliyaned,seattle-washington-usa,,,,,,
61,204,"Over 1000 Google employees have signed a letter calling for their employer to take action on the issues of climate change and immigration. The letter called on Google to commit to zero carbon emissions by 2030, end all contracts with fossil fuel companies and climate change denying or delaying 'think tanks, lobbyists, and politicians', and end all collaboration with organizations or individuals 'enabling the incarceration, surveillance, displacement, or oppression of refugees or frontline communities'. ",11/4/2019,"https://medium.com/@googworkersac/ruth-porat-497bbb841b52, https://www.theguardian.com/technology/2019/nov/04/google-workers-climate-plan-letter",open letter,ethics,external,"white collar workers,inhouse workers,knowledge workers",usa,checked,google,1137,"immigration,ice,climate_change",nataliyaned,usa,,,,,,
62,206,"Shutterstock engineers were tasked with the creation of a search blacklist that would wipe from query results images associated with keywords forbidden by the Chinese government, including images of the Hong Kong protests. The company's decision to silently aid China's censorship agenda comes at a time of heightened scrutiny into the relationship between corporate America and President Xi Jinping's authoritarian regime. More than 180 Shutterstock workers to sign a petition against the search blacklist and accuse the company of trading its values for access to the lucrative Chinese market. They write that by 'complying, we are enabling injustices, including the discrimination of the people of Hong Kong, the suppression of Chinese political dissent, and undermining the sovereignty of Taiwanese people.'",11/6/2019,https://static.theintercept.com/amp/shutterstock-china-censorship-tech.html,open letter,ethics,external,"white collar workers,inhouse workers,knowledge workers",usa,checked,shutterstock,180,us_china_conflict,organizejs,usa,,,,,,
63,207,"WeWork employees have formed a group to campaign for better severance pay, employment conditions and an end to 'deception, exclusion and selfishness at the company's highest levels' following the turmoil of its failed IPO process. The WeWorkers Coalition announced its existence on Friday with a letter to management setting out demands including for sexual assault claims to be 'taken seriously' and for thousands of employees about to lose their jobs to receive 'fair and reasonable separation terms'. 'Thousands of us will be laid off in the upcoming weeks. But we want our time here to have meant something' the group said in its letter. A software engineer at WeWork who is helping to organise the WeWorkers Coalition, said 185 people had signed the letter to management, while at least 600 expressed an interest in joining ahead of the group publicising its launch this week. The coalition wants cleaners and maintenance staff to receive full benefits and fair pay.",11/8/2019,"https://www.ft.com/content/a3483930-0253-11ea-b7bc-f3fa4e77dd47, https://www.nytimes.com/2019/11/08/business/wework-employee-letter.html",open letter,"job security,working conditions,pay and benefits","external,internal","white collar workers,blue collar workers,inhouse workers,knowledge workers",usa,checked,wework,185,coworker_solidarity,organizejs,usa,,,,,,
64,297,"Tech activists, artists, and creators who helped organize Google, Facebook, WeWork, Kickstarter, and more annotated an assemblage of common anti-union statements.  The zine's organizer-driven content is an inoculation tool for tech workers that exposes them to union busting rhetoric and arms them with pro union rebuttals. ",11/12/2019,"https://www.vice.com/en_ca/article/d3aqkz/a-fired-kickstarter-organizer-is-trying-to-unionize-tech-workers-using-kickstarter, https://www.kickstarter.com/projects/clarissaredwine/solidarity-onboarding?ref=user_menu",resources,unfair labor practices,internal,"white collar workers,knowledge workers","san francisco-california-usa,brooklyn-new york city-new york-usa",checked,"kickstarter,google,wework,facebook",10,industry_solidarity,clarissa,"san francisco-california-usa, brooklyn-new york city-new york-usa",,,,,,
65,208,"Before Github’s CEO Nat Friedman delivered his keynote address at Github Universe, an annual Github-hosted conference, dozens of tech workers and immigrant rights activists protested outside with a replica of the cages ICE uses to detain migrant families and children. “The demonstration [is in response to] GitHub's contract with ICE and is intended to show support for the GitHub workers who are organizing internally to get the contract cancelled,” said a representative of Tech Workers Coalition, the group organizing the protest. Just before the annual conference, 5 Githubbers left the company, citing Github's involvement with ICE. ",11/13/2019,https://www.vice.com/en_us/article/evjwwp/as-githubs-conference-begins-five-employees-resign-over-protest-ice-contract,protest,ethics,external,"white collar workers,knowledge workers",san francisco-california-usa,,"github,microsoft",24,"immigration,ice",organizejs,san francisco-california-usa,,,,,,
66,209,"Google employees held a protest in San Francisco days before the company ended its long-held TGIF meetings, according to an internal memo obtained by CNBC. Some 20 people organized at Google's office in downtown San Francisco to protest the company placing Rebecca Rivers and Laurence Berland on sudden and indefinite administrative leave the prior week, the memo states. Authors of the memo, which was circulated internally at Google on Monday, claimed the actions were an act of retaliation against the workers.",11/19/2019,https://www.cnbc.com/2019/11/19/google-employees-protested-security-team-interrogation-memo-says.html,protest,unfair labor practices,internal,"white collar workers,knowledge workers,inhouse workers",san francisco-california-usa,,google,20,retaliation,organizejs,san francisco-california-usa,,,,,,
67,211,"A group of roughly 200 Googler and other protesters rallied outside of the search giant’s offices in San Francisco on Friday, demanding the company reinstate two colleagues who they say were unjustly punished for workplace organizing at the company — calling it an attack on accountability and transparency in tech. Google has said the employees were placed on administrative leave for violating company policies about accessing sensitive internal documents and monitoring employees’ calendar events. They accuse management of targeting Rebecca Rivers and Laurence Berland, because of their involvement in worker activism at the company. Rivers helped put together a petition against Google’s work for US immigration enforcement agency Customs and Border Patrol (CBP), and Berland was involved with employee protests about hate speech policies on YouTube. Protesters are demanding that Rivers and Berland be reinstated at work immediately. Organizers called their suspension an “attempt to silence workers,” in an email about the rally.",11/22/2019,"https://techcrunch.com/2019/11/21/google-employees-will-rally-in-protest-of-alleged-worker-retaliation/, https://www.vox.com/recode/2019/11/22/20978537/google-workers-suspension-employee-activists-protest",protest,unfair labor practices,internal,"white collar workers,knowledge workers,inhouse workers",san francisco-california-usa,,google,200,coworker_solidarity,organizejs,san francisco-california-usa,,,,,,
68,215,"Four recently fired Google engineers who were active in organizing within the company say they will push for a federal investigation into the search and advertising giant for unfair labor practices. In a medium post, the four former employees announced their intent to file charges with the National Labor Relations Board for what they allege was retaliation from the company against their roles in organizing workers. In the letter, they write: 'Last week, Google fired us for engaging in protected labor organizing.' Update: Complaint was officially filed with the NLRB.",12/3/2019,"https://medium.com/@googlewalkout/google-fired-us-for-organizing-were-fighting-back-d0daa8113aed, https://www.bloomberg.com/news/articles/2019-12-03/google-s-thanksgiving-four-file-federal-labor-complaint, https://www.buzzfeednews.com/article/ryanmac/fired-google-employees-nlrb-investigation-cbp, https://www.bloomberg.com/news/articles/2019-12-04/google-retaliation-claims-spread-with-new-labor-board-filing",legal action,unfair labor practices,internal,"white collar workers,knowledge workers,inhouse workers",usa,,google,4,retaliation,organizejs,usa,,,,,,
69,217,"In an open letter published Wednesday on GitHub, software developers representing the open source community joined the call for GitHub to immediately cancel the $200,000 contract with ICE. 'Open source is about inverting power structures and creating access and opportunities for everyone,' the letter, signed by 167 developers at the time of publication, reads. 'We, the undersigned, cannot see how to reconcile our ethics with GitHub’s continued support of ICE. Moreover, your lack of transparency around the ethical standards you use for conducting business is also concerning to a community that is focused around doing everything out in the open.'",12/4/2019,https://www.latimes.com/business/technology/story/2019-12-04/github-open-source-developers-ice-contract,open letter,ethics,external,"white collar workers,knowledge workers",usa,checked,"github,microsoft",200,"industry_solidarity,immigration,ice",organizejs,usa,,,,,,
70,220,A group of Googlers unhappy with the company's expanding 'need to know' restrictions on internal documents have come up with a clever form of protest: A new tool that sends auto alerts to Google's top lawyer every time an employee opens a company document. The deluge of notifications was meant as a protest to what they saw as Walker’s insistence on controlling the minutiae of their professional lives.,12/13/2019,"https://www.businessinsider.com/google-employees-flood-top-lawyer-with-emails-in-protest-2019-12, https://www.bloomberg.com/news/articles/2019-12-13/google-culture-war-escalates-as-era-of-transparency-wanes",protest,working conditions,"internal,external","white collar workers,knowledge workers,inhouse workers",usa,checked,google,,,organizejs,usa,,,,,,
71,225,"Amazon Employees for Climate Action published a Medium post with quotations from 364 employees criticizing the company for its continued involvement with the fossil fuel industry. Notably, all quotes included employee name and company title. Some quotes touched on other ethical issues in addition to climate change, such as the company's contracts with ICE. The action violates a company policy that prohibits employees from publicly speaking about the business without prior company approval. The employee group is currently calling for Amazon to go carbon neutral by 2030, to cut ties with fossil fuel companies, and to stop funding politicians and lobbyists who deny climate change. This action is a response to Amazon's previous threats to fire internal critics. Update: Quotations received from 400 employees.",1/26/2020,"https://www.washingtonpost.com/technology/2020/01/26/amazon-employees-plan-mass-defiance-company-communications-policy-support-colleagues/, https://medium.com/@amazonemployeesclimatejustice/amazon-employees-share-our-views-on-company-business-f5abcdea849, https://amazonemployees4climatejustice.medium.com/email-subject-action-is-it-fair-to-silence-amazon-employees-who-speak-up-defc1c8bb508",open letter,ethics,external,"white collar workers,knowledge workers,inhouse workers",usa,checked,amazon,364,climate_change,nataliyaned,usa,,,,,,
72,227,"Members of Amazon Employees for Climate Justice submitted comments to the U.S. Securities and Exchange Commission against a new regulation that would prevent smaller shareholders from proposing shareholder resolutions (i.e. proposals to change how a company is run). Under the new rules, shareholders would have to presently hold at least $25,000 worth of shares or have held $2,000 worth of shares continuously for the last three years. The group has argued that this prevents smaller shareholders from voicing their opinion. Included in this group are many recently hired tech employees with small caches of employer stock. While shareholder resolutions are not binding, they have had some success in pushing corporations towards taking a stance on social issues such as gender equity.",2/3/2020,https://www.nbcnews.com/news/all/amazon-workers-protest-proposal-raise-bar-shareholder-resolutions-n1129216,protest,ethics,external,"white collar workers,knowledge workers,inhouse workers",usa,checked,amazon,3,,nataliyaned,usa,,,,,,
73,231,"Oracle founder and CTO Larry Ellison‘s decision to throw a fundraiser for President Donald Trump has angered  Oracle employees, who have set up a Change.org petition demanding he cancel the fundraiser. “As Oracle employees, we must hold our leaders accountable for upholding their ethical responsibilities,” the petition, which anyone can sign, continues. “Ellison’s financial support of Donald Trump endangers the well-being of women, immigrants, communities of color, the environment, LGBTQ and trans communities, disabled people and workers everywhere.”",2/14/2020,"https://www.change.org/p/larry-ellison-uphold-company-ethics, https://time.com/5784848/oracle-petition-larry-ellison-trump/, https://www.washingtontimes.com/news/2020/feb/14/oracle-employees-petition-chairman-larry-ellison-t/",open letter,"ethics,discrimination",external,"white collar workers,knowledge workers,inhouse workers",usa,checked,oracle,,"trump,lgbtq,ableism",organizejs,usa,,,,,,
74,232,"Employees at the crowdfunding platform Kickstarter voted to unionize. The decision, which was formalized by a vote count at the National Labor Relations Board, came down to a narrow margin, with 46 employees voting in favor of the move and 37 opposing it. The debate over a union — and whether such representation was appropriate for highly paid tech workers — had been a source of tension at the company for many months.",2/18/2020,"https://www.nbcnews.com/tech/tech-news/kickstarter-workers-vote-form-first-union-tech-industry-n1138006, https://www.nytimes.com/2020/02/18/technology/kickstarter-union.html",union representation,ethics,"internal,external","white collar workers,knowledge workers,inhouse workers",new york city-new york-usa,,kickstarter,46,opeiu,organizejs,new york city-new york-usa,,,,,,
75,233,"People left their desks at Oracle offices around the world to protest Chairman Larry Ellison’s fundraiser a day earlier for President Donald Trump. The protest, called No Ethics/No Work, involved about 300 employees walking out of their offices or stopping work at remote locations at noon local time and devoting the rest of the day to volunteering or civic engagement.",2/20/2020,"https://www.marketwatch.com/story/hundreds-of-oracle-workers-stage-walkout-to-protest-larry-ellisons-fundraiser-for-trump-2020-02-20, https://www.marketwatch.com/story/hundreds-of-oracle-workers-stage-walkout-to-protest-larry-ellisons-fundraiser-for-trump-2020-02-20","strike,protest","ethics,discrimination",external,"white collar workers,knowledge workers,inhouse workers",usa,checked,oracle,300,"trump,lgbtq,ableism",organizejs,usa,,,,,,
76,237,"Employees of online software collaboration tool Glitch won their union with the Communications Workers of America (CWA). The move comes after 90% of the workers indicated their support for joining CWA and authorized CWA to be their bargaining representative. Glitch will join the CWA Local 1101, as part of the Campaign to Organize Digital Employees (CODE-CWA) initiative, which was launched back in January.",3/13/2020,"https://techcrunch.com/2020/03/13/online-code-collaboration-tool-glitch-votes-to-unionize/, https://cwa-union.org/news/releases/tech-workers-app-developer-glitch-vote-form-union-and-join-cwa-organizing-initiative",union representation,na,internal,"white collar workers,inhouse workers,knowledge workers",new york city-new york-usa,,glitch,,,organizejs,new york city-new york-usa,,,,,,
77,240,"Over 5000 Amazon employees signed an open letter to Jeff Bezos calling for improved working conditions during the coronavirus pandemic, including paid sick leave regardless of diagnosis, child care, and 1.5x hazard pay. Since then, on March 22nd, the letter has been updated to include a call for transparency on any diagnosed covid-19 cases at the facilities, a halt on the shipping of non-essential items, and medical coverage to part-time employees. On March 27th, Amazon Employees for Climate Justice emailed its constituents (mostly corporate employees) to encourage them to sign the open letter, which purportedly lead to an additional 580 signatures.",3/17/2020,"https://medium.com/@amazonemployeesclimatejustice/coronavirus-amazon-log-cfdc9a6f4437, https://medium.com/@amazoniansunitednyc/we-amazon-workers-demand-coronavirus-protections-16f28ad8b15f",open letter,working conditions,internal,"white collar workers,knowledge workers,inhouse workers",new york city-new york-usa,,amazon,5210,"coronavirus,coworker_solidarity",nataliyaned,new york city-new york-usa,,,,,,
78,238,"Pittsburgh's office Google contractors employed by an independent company called HCL Technologies, have been forced to come into the office, even as full-time Google employees were first allowed and then instructed to stay home. Some HCL contractors wore black in a protest at the Pittsburgh office’s cafeteria on Monday. This action is linked to the memo that Googlers sent out on the same day.",3/17/2020,"https://www.theverge.com/2020/3/17/21184495/google-employees-memo-contract-workers-coronavirus-covid-19, https://www.businessinsider.com/google-workers-raise-internal-concerns-tvc-policies-for-covid-19-2020-3",protest,unfair labor practices,internal,"white collar workers,contract workers",pittsburgh-pennsylvania-usa,,google,10,"coworker_solidarity,coronavirus",organizejs,pittsburgh-pennsylvania-usa,,,,,,
79,239,"A group of Google employees has sent a memo to company leadership demanding stronger commitments to protect the more vulnerable members of Google’s workforce, primarily its contract workers, during the ongoing coronavirus crisis. The memo notes that some Google contractors, like those in the company’s Pittsburgh office employed by an independent company called HCL Technologies, have been forced to come into the office, even as full-time Google employees were first allowed and then instructed to stay home.",3/17/2020,"https://www.theverge.com/2020/3/17/21184495/google-employees-memo-contract-workers-coronavirus-covid-19, https://www.businessinsider.com/google-workers-raise-internal-concerns-tvc-policies-for-covid-19-2020-3",open letter,unfair labor practices,external,"white collar workers,inhouse workers,knowledge workers",usa,checked,google,,"coworker_solidarity,coronavirus",organizejs,usa,,,,,,
80,243,"Mijente, an immigrant rights group is calling on ICE to stop hunting down undocumented immigrants amid the coronavirus crisis. In an open letter published on Github, Microsoft workers backed mijente's campaign, calling on tech companies not to share their technologies with ICE.",3/19/2020,"https://www.businessinsider.com/ice-mijente-microsoft-coronavirus-crisis-2020-3, https://github.com/msworkers/against.ice",open letter,ethics,external,"white collar workers,inhouse workers,knowledge workers",california-usa,,microsoft,,"ice,immigration,coronavirus",organizejs,california-usa,,,,,,
81,343,"The staff of podcasting company Gimlet Media, recently acquired by Spotify Media, voted in favor of unionization with the Writers Guild of America, East. Gimlet is the first podcasting company to join the WGAE. Notably, the union includes contractors. Update: In April, management announced they would recognize the union. ",3/19/2020,"https://www.buzzfeednews.com/article/carolineodonovan/gimlet-media-podcasts-spotify-union, https://gizmodo.com/gimlet-gets-a-union-1834243384, https://gizmodo.com/whats-gimlets-problem-1833639322",union representation,working conditions,internal,"white collar workers,contract workers,inhouse workers,knowledge workers",brooklyn-new york city-new york-usa,,"spotify,gimlet media",83,,nataliyaned,brooklyn-new york city-new york-usa,,,,,,
82,255,"As a gesture of solidarity, tech workers have started tweeting with the hashtags #TechSolidarity, #AmazonStrike, #HuelgaAmazon to indicate support for striking Amazon workers. The Twitter page, @TechSpeaksOut, was reportedly designed to exert public pressure tech corporations. In addition to taking to Twitter, activists have started GoFundMes and mutual aid campaigns to benefit workers.",4/13/2020,"https://gizmodo.com/tech-workers-speak-out-in-support-of-amazon-warehouse-s-1842839301, https://chuffed.org/project/help-amazon-warehouse-workers-exposed-to-covid-19, https://www.givedirectly.org/covid-19/us/, https://twitter.com/techspeaksout",protest,"ethics,working conditions,unfair labor practices",external,"white collar workers,knowledge workers",usa,checked,amazon,,"industry_solidarity,coworker_solidarity,coronavirus",nataliyaned,usa,,,,,,
83,265,"Facebook employees hosted a virtual walkout, refusing to work for the time of the event, in protest of the company's failure to take a tougher stance on Trump's posts in reaction to the George Floyd protests. Many employees also expressed solidarity with the Black Lives Matter movement. The New York Times reports that employees have also circulated petitions internally and threatened to resign in response to the event. The previous week Twitter added fact-check and warning labels to two tweets from the president that broke Twitter’s rules around voter suppression and glorification of violence.",6/1/2020,"https://www.nytimes.com/2020/06/01/technology/facebook-employee-protest-trump.html, https://www.washingtonpost.com/business/2020/06/01/facebook-zuckerberg-donation-trump/",protest,ethics,external,"knowledge workers,white collar workers,inhouse workers",usa,checked,facebook,,"antiracism,blm,trump",nataliyaned,usa,,,,,,
84,334,"Nearly three dozen early Facebook employees, including its first Chief of Communications, wrote a letter to CEO Mark Zuckerberg protesting his decision to leave Donald Trump's posts up on the website without action. Twitter chose to add labels to several of these posts warning that they were inaccurate or glorified violence. They claimed Facebook's inaction against these posts violated many of the original ideals the company had been founded on. ",6/3/2020,"https://www.nytimes.com/2020/06/03/technology/facebook-trump-employees-letter.html, https://www.businessinsider.com/early-facebook-employees-write-open-letter-mark-zuckerberg-2020-6",open letter,ethics,external,"white collar workers,inhouse workers,knowledge workers",usa,checked,facebook,,politics,nataliyaned,usa,,,,,,
85,342,"Employees at Coinbase held a virtual walkout following an ""ask me anything"" session with company management where CEO Brian Armstrong did not indicate that the company would be willing to publicly express support for the Black Lives Matter movement. WIRED reports: ""Pressed on whether the company would say the words “Black Lives Matter,” Armstrong again demurred. 'TBD'""",6/4/2020,https://www.axios.com/coinbase-controversy-b707973c-0f24-4d1e-9690-78ac5fdb94e7.html,protest,discrimination,external,"white collar workers,inhouse workers,knowledge workers",usa,checked,coinbase,,"antiracism,blm",nataliyaned,usa,,,,,,
86,268,"Contract workers for Facebook in Austin, Texas, say they have been retaliated against for union organizing, resulting in two workers’ departure in recent weeks. The workers, who help Facebook find and triage internal bugs, are unhappy with their employer, the India-based firm WiPro, and have been organizing in the workplace to pressure both companies for improvements. Recently, two people involved in the organizing campaign who were vocal about these issues departed the company. Both had posted heated messages on an internal message board about the need to improve conditions for the contingent workers and encouraging remaining staff to support a union drive, and say their departures followed retaliation from WiPro. Since January, the Communication Workers of America (CWA) labor union has been promoting its Campaign to Organize Digital Employees (CODE). The organization is especially interested in organizing workers who, like the Austin-based contingent Facebook workers, perform work for major tech firms but aren’t directly employed by them.",6/6/2020,https://www.buzzfeednews.com/article/carolineodonovan/facebook-contractors-say-they-were-punished-for-wanting-a,protest,working conditions,internal,"contract workers,white collar workers",austin-texas-usa,,facebook,,retaliation,nataliyaned,austin-texas-usa,,,,,,
87,266,"Hundreds of Microsoft employees have signed a letter to the company’s top executives asking for Microsoft to take action in the wake of national protests. The initiative came out of a Facebook group called ""Young Microsoft FTEs"". The email to the Microsoft executives includes a list of requests, including increased leniency for Microsoft workers in performance reviews due to the coronavirus pandemic and protests; the company formally condemning the use of tear gas, rubber bullets, and flashbangs; increasing Microsoft’s employee donation matches; the cancellation of contracts with SPD and other law enforcement agencies; support for defunding the SPD; signing a petition for the resignation of Seattle Mayor Jenny Durkan; and support for a list of demands from BLM Seattle. Employees volunteered to be CC’d on the email in a show of solidarity, though their inclusion was not intended to show explicit support for every request, according to the email.",6/8/2020,"https://onezero.medium.com/250-microsoft-employees-call-on-ceo-to-cancel-police-contracts-and-support-defunding-seattle-pd-e89fa5d9e843, https://finance.yahoo.com/news/microsoft-employees-petition-seattle-police-contracts-161102239.html",open letter,ethics,external,"white collar workers,inhouse workers,knowledge workers",seattle-washington-usa,checked,microsoft,250,"antiracism,blm",nataliyaned,seattle-washington-usa,,,,,,
88,267,"Nine current and former Facebook content moderators posted a message of solidarity with the Black community in the wake of the George Floyd protests and in support of the virtual walkout. The authors noted that they would have attended the walkout ""if Facebook would allow it. As outsourced contractors, non-disclosure agreements deter us from speaking openly about what we do and witness for most of our waking hours."" The workers also remarked on the lack of protections they receive from their employer. ""We would walk out with you — if we could afford it. At the moment, content moderators have no possibility, no network or platform or financial security — especially when we are atomized in pandemic and remotely micromanaged — to stage an effective walkout without risking fines, our income and even our right to stay in the countries where we live and work.""",6/8/2020,https://medium.com/@fbcontentmods/this-is-a-message-of-solidarity-from-a-group-of-current-and-former-content-moderators-at-facebook-6af1b3b2a020,open letter,ethics,external,"contract workers,white collar workers",usa,checked,facebook,9,"antiracism,blm,moderators",nataliyaned,usa,,,,,,
89,279,"Over 1, 650 Google employees have signed an open letter to CEO Sundar Pichai demanding the company stop selling its technology to police forces across the US. “The past weeks have shown us that addressing racism is not merely an issue of words, but of actions taken to dismantle the actual structures that perpetuate it, ” the letter, written by the employee group Googlers Against Racism, reads. “While we as individuals hold difficult but necessary conversations with our family, friends and peers, we are also incredibly disappointed by our company’s response.”",6/22/2020,"https://www.theverge.com/2020/6/22/21299736/google-employees-cut-ties-police-law-enforcement-black-lives-matter, https://gizmodo.com/1-600-googlers-call-for-an-end-to-all-contracts-with-c-1844124793?rev=1592864623516, https://www.businessinsider.com/googlers-send-letter-ceo-sundar-pichai-stop-working-with-police-2020-6",open letter,ethics,external,"white collar workers,inhouse workers,knowledge workers",usa,checked,google,1650,"blm,antiracism",organizejs,usa,,,,,,
90,291,"Two former Pinterest employees, both Black women, spoke out on Twitter about the racism they experienced in the workplace. One of the employees, Ifeoma Ozoma, said she was not being fairly paid according to company data. She also said she had to come up with a list of pros to defend promoting former slave plantations for wedding venues. After speaking out, a white employee of the company doxxed her, placing her personal contact information online. He was fired soon after. Another former employee, Aerica Shimizu Ban, said her expenses with Black organizations had been repeatedly questioned.",6/23/2020,"https://www.npr.org/2020/06/23/881624553/pinterest-sounds-a-more-contrite-tone-after-black-former-employees-speak-out, https://twitter.com/IfeomaOzoma/status/1272546213322080258, https://twitter.com/erikashimizu/status/1272547227177713664",open letter,"ethics,discrimination",internal,"white collar workers,inhouse workers,knowledge workers",usa,checked,pinterest,2,"blm,antiracism",nataliyaned,usa,,,,,,
91,338,"A group of Black employees across tech companies have launched an initiative, Tech Can Do Better, to call for greater equity in the workplace. An Instagram account promotes the visibility and highlights the accomplishments of Black employees in tech. The group has also started an online pledge where workers can commit to ""mak[ing] the changes needed to achieve equitable hiring, promotions, and compensation, mak[ing] significant Investment in social equity and driv[ing] advocacy for equitable legislation.""",8/12/2020,"https://www.printmag.com/post/tech-can-do-better-an-industry-wide-wake-up-call, https://www.instagram.com/techcandobetter/, https://docs.google.com/forms/d/e/1FAIpQLSck1JZR5FdfWbRB7OOgCPBCVGIS0kB-zLHN-Q3J6PZORRUP3w/viewform",resources,discrimination,internal,"white collar workers,inhouse workers,knowledge workers",usa,checked,,,"antiracism,blm,industry_solidarity",nataliyaned,usa,,,,,,
92,310,"Pinterest employees staged a virtual walk out by posting messages to Slack and then logging off their work accounts, to protest the racial and gender discrimination brought to light by Ifeoma Ozoma and Aerica Shimizu Banks, and then again by Francoise Brougher. Workers also signed onto an online petition to CEO Ben Silberman calling for an end to discrimination and retaliation by the company.",8/14/2020,"https://www.nytimes.com/2020/08/14/technology/pinterest-walkout-equality.html, https://techcrunch.com/2020/08/14/pinterest-employees-are-walking-out-today-in-light-of-discrimination-allegations/, https://www.theverge.com/2020/8/14/21369035/pinterest-virtual-walkout-protest-discrimination-slack-blind, https://www.usatoday.com/story/money/2020/08/13/pinterest-workers-walk-out-calling-end-workplace-bias/3369999001/","protest,open letter,strike",discrimination,internal,"white collar workers,inhouse workers,knowledge workers",usa,checked,pinterest,236,"antiracism,blm",,usa,,,,,,
93,321,Four former Google software engineers have filed a lawsuit in California claiming gender discrimination at the company and demanding that the company turn over sexist emails and memes created by two male company employees. The plaintiffs hope to mount a class action lawsuit against the company.,8/19/2020,"https://www.law360.com/articles/1302356/ex-google-workers-want-sexist-emails-memes-turned-over, https://www.lieffcabraser.com/2020/08/ex-google-workers-want-sexist-emails-meme-messages-turned-over-in-google-gender-discrimination-suit/",legal action,discrimination,internal,"white collar workers,inhouse workers,knowledge workers",san francisco-california-usa,,google,4,sexism,nataliyaned,san francisco-california-usa,,,,,,
94,316,"More than 300 Microsoft employees shared salary and pay bonus data in spreadsheet. A similar action took place last year. This year's survey asked whether employees identified as people of color or experienced discrimination because of their gender identity. Notably, 194 of 310 participants identified as people of color and 69 had experienced discrimination on the basis of gender identity.",8/31/2020,https://onezero.medium.com/leaked-salary-spreadsheet-reveals-microsoft-employee-earnings-for-a-second-year-d1466132d309,"protest,resources","pay and benefits,discrimination",internal,"white collar workers,inhouse workers,knowledge workers",usa,checked,microsoft,310,"antiracism,salary sharing",nataliyaned,usa,,,,,,
95,326,"24 employees of tech non-profit Do Something walked off the job, calling for the resignation of current CEO Aria Finger. They have also sent two direct letters to the CEO and Board of Directors that have been shared on Twitter. Former employees shared experiences of racial discrimination and harassment via social media earlier this year. The letter states that Finger reacted to these posts by calling them untrue or ""standard-issued American forms of microaggression and racism"". Finger returned in August after a legal investigation did not find evidence of discrimination under her tenure. ",9/8/2020,https://www.vice.com/en/article/g5p9nb/employees-of-social-change-nonprofit-stage-walkout-to-protest-racial-abuse,"protest,strike,open letter",discrimination,internal,"white collar workers,inhouse workers,knowledge workers",usa,checked,do something,24,"antiracism,blm",nataliyaned,usa,,,,,,
96,332,"A number of contractors for Google (employed through staffing firm Adecco) have filed a lawsuit alleging that confidentiality agreements with the company deprive them of basic legal rights, such as free speech. Contractors are prevented from discussing wages or working conditions, which they claim prohibit them from “disclosing violations of state and federal law, either within Google to their managers or outside Google to private attorneys or government officials”. The Sept. 21st filing with a California appeals court reverses a lower court decision, allowing the lawsuit to proceed. ",9/21/2020,"https://www.cnbc.com/2020/10/01/google-contractors-allege-ndas-violate-free-speech-laws.html, https://www.courts.ca.gov/opinions/documents/A157097.PDF",legal action,unfair labor practices,internal,"contract workers,white collar workers,knowledge workers",san francisco-california-usa,,"google,adecco",,,nataliyaned,san francisco-california-usa,,,,,,
97,331,"Employees at Hootsuite succeeded in getting the company, a B-corporation, to drop its contract with U.S. ICE after protesting via social media and voicing their opposition internally to the company. A Tweet from a senior training specialist at Hootsuite, Sam Anderson, generated significant backlash within the industry, including from many social media managers at client companies.  ",9/23/2020,"https://www.forbes.com/sites/rachelsandler/2020/09/24/hootsuite-drops-ice-contract-after-employee-backlash/#714f8e261c50, https://www.vice.com/en/article/jgx75b/hootsuite-denied-providing-tech-to-ice-this-contract-shows-that-it-did",protest,ethics,external,"white collar workers,inhouse workers,knowledge workers",usa,checked,hootsuite,100,ice,nataliyaned,usa,,,,,,
98,337,"A group of cross-company organizers in tech have started a repository called ""Tech Truths"" that highlights incidents of discrimination in tech, including ""discrimination by race, gender, sexual orientation, disability status, immigration status, and more"". To date (10/7/2020), 107 different stories of discrimination have been shared and published.",9/28/2020,"https://discotech.tech/techtruths, https://twitter.com/discotechorg/status/1310613703126114304?s=19",resources,"ethics,discrimination",internal,"white collar workers,knowledge workers",usa,checked,,107,"antiracism,blm,industry_solidarity",nataliyaned,usa,,,,,,
99,335,"Parcast, a Spotify-owned podcast company, announced a unionization effort back in September. Employees of the company chose to pursue unionization through the Writers Guild of America, East to call for greater diversity, equity, and inclusion at the company, as well as equitable pay, reasonable working hours, and overtime compensation. Parcast announced on October 6th that Spotify had chosen to voluntarily recognize the union. ",10/5/2020,"https://www.theverge.com/2020/9/2/21417146/parcast-spotify-union-writers-guild-america-east, https://twitter.com/ParcastUnion/status/1313555636651655170?s=19
",union representation,unfair labor practices,internal,"white collar workers,inhouse workers,knowledge workers",new york city-new york-usa,,"spotify,parcast",,,nataliyaned,new york city-new york-usa,,,,,,
100,341,"More than 60 Coinbase employees chose to leave the company, opting for a severance package, to protest CEO Brian Armstrong's assertion that employees should not participate in social activism in the workplace. This represents roughly 5% of the company's employees. This event follows several months of internal activism within the company after management failed to make a public statement on the Black Lives Matter movement.",10/8/2020,"https://www.wired.com/story/turmoil-black-lives-matter-political-speech-coinbase/, https://www.forbes.com/sites/rachelsandler/2020/10/08/60-employees-leave-coinbase-over-ceos-pledge-to-be-apolitical/#5e0848325a06, https://blog.coinbase.com/coinbase-is-a-mission-focused-company-af882df8804?gi=e4cb4315d1e5",resignation,"ethics,discrimination","external,internal","white collar workers,inhouse workers,knowledge workers",san francisco-california-usa,checked,coinbase,60,"antiracism,blm",nataliyaned,san francisco-california-usa,,,,,,
101,340,"At least 290 Facebook employees and contractors signed a petition demanding a 50% wage increase as hazard pay for site moderators who have been forced to return to the office by October 12th of this year. Additional demands include compensation for all costs related to COVID-19 testing and treatment, as well as additional time off and an expedited time off review process. Accenture, which hired the moderators as contractors, informed them on October 1st that they would have to return to their office in Austin, Texas. A Facebook spokesperson said the reason for the return was that ""some of the most sensitive content can’t be reviewed from home"". Full-time, directly hired Facebook employees don't have to return to the office until July 2021. ",10/10/2020,https://www.vice.com/amp/en_us/article/z3ejzx/facebook-workers-sign-petition-demanding-hazard-pay-for-content-moderators-who-have-to-go-back-to-the-office,open letter,unfair labor practices,"internal,external","contract workers,white collar workers,knowledge workers",usa,checked,"accenture,facebook",290,"coronavirus,moderators,coworker_solidarity",nataliyaned,usa,,,,,,
102,347,"More than 6,400 Amazon workers signed an internal petition calling for time off to vote for its entire workforce ahead of the 2020 U.S. Election. Other companies like Walmart, Apple, and Target have policies allowing for paid time off for voting. Amazon Employees for Climate Justice organized the petition.",10/13/2020,"https://www.nbcnews.com/news/amp/ncna1243217, https://www.kmov.com/thousands-of-workers-petition-amazon-for-paid-time-off-to-vote/article_c29297aa-e08d-5aae-b887-75b506e79fef.html, https://www.cbsnews.com/news/amazon-workers-petition-election-day-holiday-paid-time-off/, https://amazonemployees4climatejustice.medium.com/jeff-bezos-give-all-amazon-workers-pto-to-vote-dc0003434d65",open letter,"unfair labor practices,ethics",external,"blue collar workers,inhouse workers,knowledge workers,white collar workers",usa,checked,amazon,6400,politics,nataliyaned,usa,,,,,,
103,419,"A group of Amazon employees are circulating a petition, first created in October, demanding that Amazon stop monitoring employee activism and labor organization efforts.  The group is called Amazonians for Employee Privacy and they are requesting more transparency from Amazon about their surveillance activities, including their union heat map. ",10/15/2020,https://dailynewsweek.com/amazon-employees-start-anti-surveillance-petition-for-labor-tracking/,"protest,open letter",working conditions,"internal,external","inhouse workers,knowledge workers,white collar workers",usa,,amazon,199,surveillance,hyatt d.,usa,,,,,,
104,350,Amazon Employees for Climate Justice organized a rally in Seattle to call for paid time off for workers to vote on Election Day. A few hundred people attended the rally according to CBS News. Amazon stated that managers have been instructed to approve time-off requests for voting.,10/17/2020,"https://fortune.com/2020/10/16/amazon-employee-activists-union-climate-justice/, https://www.cbsnews.com/news/amazon-workers-petition-election-day-holiday-paid-time-off/",protest,"working conditions,ethics",external,"white collar workers,inhouse workers,knowledge workers",seattle-washington-usa,,amazon,,politics,nataliyaned,seattle-washington-usa,,,,,,
105,352,"Amazon workers, organized by Amazon Employees for Climate Justice, are calling for a 15-minute work stoppage at warehouses across the country on Halloween in a push for paid time-off for voting on Election Day. ",10/22/2020,https://www.nytimes.com/2020/10/22/business/amazon-shutdown-threat-election-day.html,strike,"working conditions,ethics",external,"inhouse workers,knowledge workers,white collar workers",usa,checked,amazon,,"politics,coworker_solidarity",nataliyaned,usa,,,,,,
106,354,"A group of 30 Indian female engineers who were born into the Dalit caste shared a statement with the Washington Post describing their experience of casteism and sexism in Silicon Valley. The group called for American corporations to adopt caste as a protected category, treated on the same terms as gender, race, and sexuality. ",10/27/2020,"https://www.washingtonpost.com/context/a-statement-on-caste-bias-in-silicon-valley-from-30-dalit-women-engineers/d692b4f8-2710-41c3-9d5f-ea55c13bcc50/?itid=lk_interstitial_manual_16, https://www.washingtonpost.com/technology/2020/10/27/indian-caste-bias-silicon-valley/",open letter,discrimination,internal,"white collar workers,inhouse workers,knowledge workers",usa,checked,,30,sexism,nataliyaned,usa,,,,,,
107,361,"More than 200 Facebook workers signed a letter demanding better treatment for content moderators after being required to return to the office in the midst of the pandemic. The contractors who wrote the letter condemned the company for deciding “to risk our lives to maintain Facebook’s profits during the pandemic”. It was sent to chief executive officer Mark Zuckerberg, chief operating officer Sheryl Sandberg, and top executives at Accenture and CPL, two companies that contract the moderators. The open letter was published with UK-based non-profit Foxglove.",11/18/2020,"https://www.theguardian.com/technology/2020/nov/18/facebook-workers-demand-better-treatment-pandemic, https://www.foxglove.org.uk/news/open-letter-from-content-moderators-re-pandemic ",open letter,"pay and benefits,working conditions,unfair labor practices","external,internal","contract workers,white collar workers,knowledge workers",usa,checked,"CPL,facebook,accenture",200,"coronavirus,moderators",organizejs,usa,,,,,,
108,372,"The tech firm Civis Analysis, which came out of Obama's 2012 campaign and is backed by Eric Schmidt, has been hit with an unfair labor practice charge for illegally firing workers in retaliation for organizing. ",12/7/2020,https://www.nlrb.gov/case/13-CA-269890,legal action,unfair labor practices,internal,"white collar workers,knowledge workers,inhouse workers",chicago-illinois-usa,,civis analytics,,retaliation,organizejs,chicago-illinois-usa,,,,,,
109,367,"Three unions at Spotify kicked off a two hour work stoppage in solidarity with their collective struggles for fairer contracts and better workplace conditions. The union at Gimlet, a major podcast publisher that was bought by Spotify last year for $230 million, is joining unions at The Ringer and Parcast—all properties owned by Spotify—in the work stoppage. The union's demands have included a contract with guaranteed raises, clear guidelines surrounding promotions, the right to profit from intellectual property they help create, a greater emphasis on diversity, and pay equity across the board. The work stoppage was streamed on Twitch for a little over an hour, with organizing members from all three groups outlining in detail their demands. ",12/11/2020,https://www.vice.com/amp/en/article/3anva3/three-of-spotifys-podcast-unions-stop-working-to-demand-better-workplace-conditions,strike,"pay and benefits,working conditions,unfair labor practices,discrimination",internal,"white collar workers,knowledge workers,inhouse workers",usa,checked,"the ringer,spotify,gimlet media,parcast",,,organizejs,usa,,,,,,
110,366,"Two weeks after Dr Timnit Gebru was fired from her role in Google, Google’s Ethical AI employees sent CEO Sundar Pichai a list of demands, including organizational changes and a request to reinstate dismissed researcher Timnit Gebru at a higher level.",12/17/2020,"https://www.npr.org/2020/12/17/947413170/google-ai-team-demands-ousted-black-researcher-be-rehired-and-promoted, https://www.cnbc.com/2020/12/17/googles-ai-ethics-team-makes-demands-of-executives-to-rebuild-trust.html",open letter,"ethics,discrimination","internal,external","white collar workers,knowledge workers,inhouse workers",usa,checked,google,,"coworker solidarity,antiracism,ai,sexism,retaliation",organizejs,usa,,,,,,
111,403,"CS Ed Supports Timnit is an online movement started in response to Dr. Timnit Gebru's firing at Google. Gebru, ""a world renowned researcher on ethics and artificial intelligence"", lost her position after raising concerns about using data being used against marginalized groups of people. CS Ed Supports Timnit wrote an open letter asking for academics, researchers, program providers, and advocates for computer science students to stand in solidarity in with Timnit. They advocate to not stay neutral and address the inequalities across the tech industries. ",12/22/2020,https://csedsupportstimnit.medium.com/computer-science-needs-more-timnit-gebrus-csedsupportstimnit-believeblackwomen-9600d7fa22b6,open letter,"ethics,discrimination","internal,external","white collar workers,knowledge workers,academics",usa,checked,google,195,"industry solidarity,academics,antiracism,ai",hyatt d.,usa,,,,,,
112,378,"Over 200 Google employees in the U.S. and Canada revealed that they had formed a solidarity union. Updated to 530 members (1/6/21). Updated to 700 members (1/12/21). Updated to 800 members (2/17/21).The Alphabet Workers Union includes contractors, who make up over half of the company's workforce, and is affiliated with the Communications Workers of America. According to the union website, the goal of the AWU is ""to create a democratic process for workers to wield decision-making power; promote social, economic, and environmental justice; and end the unfair disparities between TVCs (temporary, vendor, and contractor workers) and FTEs (full-time employees)"". The union has been over a year in the making and organizers credit the foundation laid by the last decade of collective actions at the company. ",1/4/2021,"https://www.nytimes.com/2021/01/04/technology/google-employees-union.html, https://alphabetworkersunion.org/, https://collectiveaction.tech/2021/the-abcs-of-googles-new-union/, https://twitter.com/AlphabetWorkers/status/1346612197305114624, https://www.theverge.com/2021/1/11/22224926/google-union-700-members",union representation,"working conditions,job security,discrimination,unfair labor practices,ethics","internal,external","white collar workers,contract workers,inhouse workers,knowledge workers","usa,canada",,"alphabet,google",701,"coworker solidarity,cwa",nataliyaned,"usa, canada",,,,,,
113,392,"The Alphabet Workers Union published an open letter on Twitter calling on YouTube to remove Donald Trump from its website, stating that he repeatedly violated the platform's rules. Earlier in the week YouTube took down one video from Trump where he made unsubstantiated claims of election fraud. UPDATE: On January 12th, YouTube announced that it would suspend Donald Trump's account indefinitely. The account remains online but is not allowed to post new videos.",1/7/2021,"https://www.theverge.com/2021/1/8/22220778/alphabet-workers-union-demands-youtube-ban-trump, https://www.businessinsider.com/google-union-critcises-youtube-for-not-suspending-donald-trump-account-2021-1, https://twitter.com/AlphabetWorkers/status/1347331587315171330, https://www.theguardian.com/us-news/2021/jan/26/youtube-trump-ban-suspension",open letter,ethics,external,"white collar workers,inhouse workers,contract workers,knowledge workers",usa,checked,"alphabet,google,youtube",401,"trump,politics,industry solidarity",nataliyaned,usa,,,,,,
114,383,"Following the pro-Trump storming of the Capitol on January 6, roughly 350 Twitter employees signed an internal letter addressed to CEO Jack Dorsey and top executives questioning Twitter's policies and role in facilitating the attack. The employees requested an investigation into corporation actions over the last several years and asked for greater transparency to the company’s decision-making process regarding Donald Trumps' Twitter account on the day of the attack.",1/8/2021,https://www.washingtonpost.com/technology/2021/01/08/twitter-trump-dorsey/,open letter,ethics,external,"white collar workers,knowledge workers,inhouse workers",usa,checked,twitter,350,"trump,politics",CM,usa,,,,,,
115,393,"Approximately 200 GitHub workers signed an open letter calling on management to explain their decision to fire a Jewish worker who called the January 6th rioters at the U.S. Capitol ""Nazis"" on an internal company message board. They also called on the company to take a stronger position on anti-Semitism and white supremacy. Management responded with a letter denouncing the events of Jan. 6th and promising an investigation of the firing. UPDATE: On January 17th, GitHub posted to their company blog that their investigation ""revealed significant errors of judgment and procedure"". Their head of HR resigned from the company and the company reinstated the employee.",1/8/2021,"https://outline.com/Mn7BCV, https://github.blog/2021-01-17-update-on-an-employee-matter/",open letter,"ethics,discrimination",external,"white collar workers,inhouse workers,knowledge workers",usa,checked,github,200,"retaliation,coworker_solidarity,trump,politics",nataliyaned,usa,,,,,,
116,390,"Amazon suspends hosting for Parler, a social network app cited for facilitating the pro-Trump storming of the Capitol, after Amazon employees send internal messages to AWS management and participate in various online actions, including a coworker.org petition.",1/9/2021,"https://www.buzzfeednews.com/article/johnpaczkowski/amazon-parler-aws, https://twitter.com/AMZNforClimate/status/1347799256883552259?s=19",protest,ethics,external,"white collar workers,inhouse workers,knowledge workers",usa,checked,amazon,,"trump,politics",organizejs,usa,,,,,,
117,401,"Two Google engineers (engineering director David Baker plus a software developer Vinesh Kannan) have both quit in reaction to Timnit Gebru, an AI ethics researcher, being fired at Google. Gebru's firing has resulted in Google workers questioning the ethics and diversity of Google. ",1/29/2021,https://www.reuters.com/article/us-alphabet-resignations/two-google-engineers-resign-over-firing-of-ai-ethics-researcher-timnit-gebru-idUSKBN2A4090,"open letter,protest","ethics,discrimination","external,internal","white collar workers,inhouse workers,knowledge workers",usa,,google,2,"coworker solidarity,ai",hyatt d.,usa,,,,,,
118,391,Medium workers have announced they are forming a union. Over 140 Medium workers (reportedly 70% of eligible workers) have signed union cards in support of forming a union with the Communications Workers of America (CWA) Local 9410. They have called on management to voluntarily recognize the union.,2/11/2021,"https://www.theverge.com/2021/2/11/22278684/medium-union-unionizing-communications-workers-america, https://mediumworkersunion.org/, https://www.cnn.com/2021/02/11/media/medium-union/index.html",union drive,ethics,internal,"white collar workers,inhouse workers,knowledge workers",usa,,medium,140,cwa,fiona tay,usa,,,,,,
119,411,"The ACM Conference for Fairness, Accountability, and Transparency (ACM FAccT) organizers have decided not to continue their sponsorship with Google this year. Several press publications have noted the decision to drop Google follows the company's recent decision to fire Ethical AI co-leaders, Timnit Gebru and Margaret Mitchell. The conference's Executive Committee said they chose not to continue their relationship because they it does not align with their Strategic Plan, the goals outlined and agreed upon to guide the FAccT. Gebru was a cofounder of the organization and continues to advise the group. Mitchell is a program co-chair of the conference and a FAccT program committee member.",2/26/2021,"https://venturebeat.com/2021/03/02/ai-ethics-research-conference-suspends-google-sponsorship/, https://twitter.com/geomblog/status/1365422379397124099",protest,ethics,external,"white collar workers,knowledge workers,academics",new york city-new york-usa,checked,google,,"academics,ai,industry solidarity",hyatt d.,new york city-new york-usa,,,,,,
120,396,"Glitch workers signed a collective bargaining agreement with company management that will last for 11 months. According to a press release from the Communications Workers of America (CWA), this is the first agreement signed by white collar tech workers in the United States. The agreement did not include a call for higher wages because workers recognized that they are paid relatively high wages and that the company has faced economic pressures as a result of the pandemic. Instead, the contract improved job stability, ensuring ""just cause"" protections against firing and recall rights (priority for re-hiring for the same positions) for workers laid off due to the pandemic. ",2/28/2021,https://www.theverge.com/2021/3/2/22307671/glitch-workers-sign-historic-collective-bargaining-agreement-cwa,contract ratification,job security,internal,"white collar workers,inhouse workers,knowledge workers",usa,,glitch,,cwa,,usa,,,,,,
121,410,Workers for Mobilize have formed a union that is part of the CODE-CWA movement. Mobilize is owned by political tech company EveryAction. One hundred percent of eligible Mobilize workers voted to join the union after it was voluntarily recognized by EveryAction management. The union was created as a result of the EveryAction acquisition. Employees were negotiating new contracts and wanted to negotiate certain clauses collectively.,3/15/2021,https://www.protocol.com/mobilize-app-code-cwa-union,"union drive,union representation",working conditions,internal,"white collar workers,inhouse workers,knowledge workers",usa,,mobilize,,"cwa,industry solidarity",hyatt d.,usa,,,,,,
122,412,"Several of YouTube's employees raised concerns that a music video on the website, ""Meet the Flockers"" by YG, promotes racism towards Asian Americans. The video details a burglary and calls for targeting Chinese communities according to press reports. The employees requested that the company's Trust and Safety team pull the video from the site, which the company declined to do in a statement. Update: In early April, several newspapers reported that the video had been removed from the website. ",3/22/2021,"https://www.bloomberg.com/news/articles/2021-03-30/youtube-refuses-to-remove-anti-asian-song-drawing-staff-ire, https://www.nbcnews.com/news/asian-america/youtube-declines-ban-video-anti-asian-lyrics-staff-outcry-rcna562, https://www.indy100.com/news/youtube-yg-song-anti-asian-song-removal-b1826955",protest,"ethics,discrimination",external,"white collar workers,inhouse workers,knowledge workers",san bruno-california-usa,,youtube,,antiracism,hyatt d.,san bruno-california-usa,,,,,,
123,415,"Spotify and two unions, the Ringer Union and the Gimlet Union, agreed on a 3-year union contract, the first in the tech industry. The contract sets salary minimums, annual salary increases, terms for severance pay, and diversity hiring guarantees but does not clarify terms around intellectual property. ",4/7/2021,"https://www.theverge.com/2021/4/7/22327090/gimlet-media-union-spotify-contract-agreement, https://www.wgaeast.org/gimlet-media-and-the-ringer-ratify-first-podcast-contracts-at-spotify/, https://www.wgaeast.org/wp-content/uploads/sites/4/2021/04/Gimlet-Media-WGA-CBA-FINAL-DRAFT-March-23-2021-1.pdf, https://www.wgaeast.org/wp-content/uploads/sites/4/2021/03/Ringer-LLC-WGAE-CBA-FINAL.pdf",contract ratification,"pay and benefits,discrimination,working conditions,unfair labor practices,job security",internal,"white collar workers,inhouse workers,knowledge workers",usa,,"spotify,gimlet media,the ringer",,coworker_solidarity,hyatt d.,usa,,,,,,
124,417,"An open letter was sent to Sundar Pichai, CEO of Alphabet, asking him to take a stronger stance on addressing sexual harassment within the company. The letter points out that workers who have been harassed still must work directly or report to those that have harassed them. Moreover, the letter points out to a trend where the company protects harassers and not the victim. ",4/9/2021,"https://stopprotectingharassers.medium.com/alphabet-stop-protecting-harassers-d32a17aa5762, https://www.theverge.com/2021/4/9/22375913/alphabet-employees-open-letter-google-harassers",open letter,"unfair labor practices,working conditions",internal,"white collar workers,blue collar workers,inhouse workers,contract workers,knowledge workers",usa,checked,alphabet,2067,sexual_harassment,hyatt d.,usa,,,,,,
125,421,"Tech workers including, software engineers, designers, data analysts and product managers at the New York Times formed a union and are asking for voluntarily recognition from the company. The workers formed the union because of concerns regarding pay equity, job security, health care costs, and career advancement. The tech workers will be represented by the News Guild of New York which already has 1300 newsroom and staff members from the New York Times.",4/13/2021,https://www.nytimes.com/2021/04/13/business/media/new-york-times-tech-workers-form-a-union.html,union representation,"pay and benefits,job security,working conditions",internal,"white collar workers,inhouse workers,knowledge workers",new york city-new york-usa,,the new york times,651,,hyatt d.,new york city-new york-usa,,,,,,
126,511,"More than 90% of NPR tech workers, a group that includes workers in content operations, design, digital support, product management and software engineering, signed cards to unionize with the Communications Workers of America. NPR voluntarily recognized the union the same week. [update: NPR has voluntarily recognized requests for unionization by its network digital operation employees. The union is known as Digital Media United and is in partnership with the CWA. The bargaining unit includes 63 workers. Unionization priorities include equal pay, increased staffing, restrictions on the use of temporary status, and hiring processes that ensure diverse applicants. ]
",4/26/2021,"https://current.org/2021/04/npr-plans-to-recognize-digital-staffers-union/?wallit_nosession=1, https://www.digitalmediaunited.org/",union representation,"ethics,pay and benefits,working conditions",internal,"inhouse workers,white collar workers,knowledge workers",usa,,NPR,63,cwa,nataliyaned,usa,,,,,,
127,435,Roughly 1/3rd of Basecamp's 57 employees have decided to accept Basecamp's severance package and resigned because of the company's recent policy changes– the most notable restricting political and societal discussions in the workplace. Several employees posted tweets stating that they left Basecamp due to these changes.,4/30/2021,"https://www.theverge.com/platform/amp/2021/4/30/22412714/basecamp-employees-memo-policy-hansson-fried-controversy?utm_campaign=theverge&utm_content=chorus&utm_medium=social&utm_source=twitter&__twitter_impression=true, https://world.hey.com/jason/changes-at-basecamp-7f32afc5 ",resignation,ethics,internal,"white collar workers,inhouse workers,knowledge workers",usa,,basecamp,18,politics,hyatt d.,usa,,,,,,
128,454,"Childcare and education workers at Google created an online petition to reinstate the transportation shuttles previously provided to workers before the COVID-19 pandemic. According to the petition, they are demanding a ""$1,500 per-month transportation equity stipend for childcare workers who rely on Google transportation; until Google’s normal transportation operations resume"". The petition has gained 622 signatures from Google employees in all departments. ",5/7/2021,"https://www.bloomberg.com/news/articles/2021-05-07/google-childcare-workers-circulate-petition-for-commute-stipends?sref=i8nBPoz1, https://justiceforgcc.org/",open letter,"working conditions,pay and benefits",external,"inhouse workers,white collar workers,knowledge workers",usa,checked,"google,alphabet",457,"coworker solidarity,child_care",hyatt d.,usa,,,,,,
129,455,"Interns in Google's BOLD internship program, Tyrese Thomas and Jacob Ngai created a petition with the help of the Alphabet Workers Union. The petition asked Google to provide a $5,000 stipend for costs such as rent and other basic needs for their job. Typically, Google covers these costs with an $11,000 relocation stipend. However, due to COVID-19, the stipend wasn't instated because interns would work remotely from home. Interns argued, however, that those from lower income backgrounds might need additional funding to find office space during the day or to cover the costs of childcare. Overall, the petition gathered 1500 signatures from interns and Google employees. Google gave the interns a $5,000 stipend to spend on what they deem necessary. ",5/7/2021,https://www.protocol.com/policy/google-interns-won-stipend,open letter,pay and benefits,internal,"interns,white collar workers,inhouse workers,knowledge workers",usa,checked,"google,alphabet",1500,"students,coworker solidarity",hyatt d.,usa,,,,,,
130,438,"Workers at Apple have circulated a petition protesting the company's decision to hire Antonio Garcia Martinez. Employees expressed concerns about his views on women and people of color because of statements in his book, ""Chaos Monkeys"", which they find to be racist and sexist. UPDATE: As of May 12, 2021, Antonio Garcia Martinez is no longer working with Apple.",5/12/2021,https://www.imore.com/petition-circulating-among-apple-employees-regarding-companys-misogynistic-new-hire,open letter,discrimination,internal,"white collar workers,inhouse workers,knowledge workers",usa,,apple,,"sexism,antiracism",hyatt d.,usa,,,,,,
131,441,"Nearly a thousand Apple employees have signed an internal letter addressed to Tim Cook asking him to support the Palestinian community and people in light of Israel's bombing of Gaza which has led to the loss of 227 lives, including 63 children. The letter, written by the Apple Muslim Association, asks that Apple make it clear that Palestinian lives matter and that Palestinian people are under an illegal occupation. Moreover, the letter asks Apple to commit to understanding, engaging with, and learning about the Palestinian community and other diverse communities which make up the company. ",5/20/2021,"https://www.theverge.com/platform/amp/2021/5/20/22446059/apple-employees-palestinians-support-internal-letter-tim-cook?utm_campaign=theverge&utm_content=chorus&utm_medium=social&utm_source=twitter&__twitter_impression=true, https://appletogether.org/hotnews/thoughts-on-office-bound-work ",open letter,ethics,external,"white collar workers,inhouse workers,knowledge workers",usa,checked,apple,1051,politics,hyatt d.,usa,,,,,,
132,442,640 Amazon workers have signed a petition asking the company to commit to zero emissions by 2030 and to prioritize zero emission technology in communities of color hit hardest by the effects of their pollution. The petition began after Amazon rejected a shareholder resolution asking the company to report their emissions in communities of color.,5/25/2021,"https://www.theverge.com/2021/5/25/22453516/amazon-workers-pollution-petition-letter-demand, https://secure.everyaction.com/Xsul4-F6BUuVi_MofTP5YA2",open letter,ethics,external,"white collar workers,blue collar workers,contract workers,inhouse workers,knowledge workers",usa,checked,amazon,640,"climate_change,antiracism,blm",hyatt d.,usa,,,,,,
133,445,"The Alphabet Workers Union circulated a petition asking the company and its contractors to allow employees to choose which name appears on their ID badges. These actions were taken because a transgender man, Phares Lee, requested to have his deadname replaced by his preferred name. His request was denied and he was forced to put his legal name. Lee works for G4S, a Google contractor, and was also banned from participating in employee resource groups (ERGs) as a result of his contractor status. The petition also called on the company to open ERGs to contractors. Update (6/14): G4S and Google allowed Phares to use his preferred name and join Google ERGs. The companies have not communicated larger changes in policy. ",6/1/2021,"https://www.theverge.com/2021/6/1/22463267/google-union-g4s-subcontractor-deadname-id-badge, https://dropthedeadnames.org/#petition","protest,open letter","discrimination,ethics","internal,external","white collar workers,blue collar workers,inhouse workers,contract workers,knowledge workers",usa,checked,"google,g4s",1044,"lgbtq,coworker solidarity",hyatt d.,usa,,,,,,
134,447,Apple employees are fighting against a new policy requiring them to return to work three days a week in an open letter addressed to Tim Cook on Slack. Approximately 80 people were involved in writing the letter. Employees have argued that the company should adopt a flexible approach for those who still want to remotely work from home.,6/4/2021,https://www.theverge.com/2021/6/4/22491629/apple-employees-push-back-return-office-internal-letter-tim-cook?fbclid=IwAR08D4vzo6shzwwtNXwr8HCw6h1nsHG7rQcSx-k-JyuYL-I2Q7aDl0o_aZ0,open letter,working conditions,internal,"white collar workers,inhouse workers,knowledge workers",usa,checked,apple,80,coronavirus,hyatt d.,usa,,,,,,
135,448,"Workers at Catalist, a political data services provider, have formed a union. 30 out of 38 employees have joined the union which is represented by the Communication Workers of America. The motivation for workers to unionize was not any specific mistreatment, rather they believe that in the broad benefits of organizing. The company voluntarily recognized the union. ",6/16/2021,https://thehill.com/policy/technology/558812-workers-at-progressive-data-firm-catalist-unionize?amp,"union drive,union representation",ethics,internal,"white collar workers,inhouse workers,knowledge workers",washington_dc-usa,,catalist,30,"cwa,coworker_solidarity",hyatt d.,washington_dc-usa,,,,,,
136,451,"Spanish language content moderators and customer service representatives at WhatsApp sent an internal letter demanding the $2 premium paid to other bi-lingual moderators and backpay, which Spanish language contractors don't receive. The letter addressed the CEOs of Facebook, Accenture, and WhatsApp and circulated on Facebook's communication platform. Eighty-nine employees signed the letter. ",6/29/2021,https://www.theverge.com/2021/6/29/22556436/whatsapp-spanish-language-content-moderators-contractor-equal-pay,open letter,"pay and benefits,discrimination",internal,"inhouse workers,contract workers,white collar workers",austin-texas-usa,checked,"facebook,accenture",89,moderators,hyatt d.,austin-texas-usa,,,,,,
137,452,"Seventy employees who work for Change.org unionized and joined the Workers of America's CODE-CWA Project. Organizing in the company began with Erni Poché, who noticed that the company used the racial identities of its employees to claim diversity and inclusion within the company. Black employees reported being disproportionately assigned to petitions around race, for instance. The workers who joined the union want to have a say in wages, benefits, and the implementation of diversity and equity programs. ",6/30/2021,https://wamu.org/story/21/06/30/change-org-workers-form-a-union-giving-labor-activists-another-win-in-tech/,"union drive,union representation","pay and benefits,ethics,discrimination",internal,"white collar workers,contract workers,inhouse workers,knowledge workers",usa,,change.org,,"coworker solidarity,cwa,antiracism",hyatt d.,usa,,,,,,
138,456,"An open letter was published demanding justice for Jessica (Ming) Tao, a former employee at Google. According to the open letter, ""Google has chosen to put Jessica on unpaid leave while her rapist is still fully employed."" The letter states that this is a common practice where Google protects the harasser instead of the victim. The letter demands that Jessica is compensated in full for her time on disability leave. The letter demands, ""that survivors involved in future proceedings are always compensated for their time during this traumatizing process."" Lastly, the letter demands Alphabet to stop having workers go to employee assistance program (EAP) therapy when they face harassment or other workplace abuses. ",7/21/2021,"https://justice-for-jessica.com/, 
https://newsnationusa.com/news/finance/banking/hundreds-of-google-employees-call-on-company-to-change-sexual-misconduct-policies-that-they-say-put-the-burden-on-survivors/ ",open letter,"working conditions,unfair labor practices",internal,"white collar workers,inhouse workers,knowledge workers",usa,checked,"google,alphabet",700,sexual_harassment,hyatt d.,usa,,,,,,
139,461,"Content moderators who work for Facebook across the world wrote an open letter to Mark Zuckerberg, Sheryl Sandberg, Anne Heraty, and Julie Sweet. The moderators are demanding Facebook stop using non-disclosure agreements to prevent moderators from speaking out about their working conditions. The moderators also want proper mental health support and to make all moderators in-house instead of contract workers outsourced by Accenture.  ",7/26/2021,https://www.foxglove.org.uk/2021/07/25/open-letter-from-60-content-moderators-to-facebook/,open letter,"job security,working conditions,ethics",internal,"white collar workers,inhouse workers,contract workers",usa,checked,"facebook,accenture",60,"international solidarity,coworker_solidarity,moderators",hyatt d.,usa,,,,,,
140,486,"After CfA Workers united requested for voluntary recognition of their union on August 2nd, Code for America voluntarily recognized CfA Workers United Union on October 22, 2021. CfA is one of the first unions in civic tech, and a unionized contract is under negotiation.",8/2/2021,https://www.codeforamerica.org/news/code-for-america-voluntarily-recognizes-cfa-workers-united-union/,"union drive,union representation",working conditions,internal,"white collar workers,inhouse workers,knowledge workers",usa,,code for america,,opeiu,wynniechan,usa,,,,,,
141,525,"Workers at Mapbox had formed a union with CWA; however, they failed to achieve recognition from the NLRB when workers voted against unionization 123 to 81. The Mapbox Union will continue to represent workers to management. Since then, union members have claimed they experienced retaliation from the company, with some being fired, intimidated, or threatened. As a result, the union plans to file an unfair labor practice charge. ",8/5/2021,"https://www.protocol.com/bulletins/mapbox-workers-lose-union-vote,
https://www.reuters.com/technology/silicon-valley-workers-vote-down-union-softbank-backed-mapbox-2021-08-05/,
https://www.mapboxworkersunion.org/faq,
https://technical.ly/2021/10/04/mapbox-union-challenge/","union drive,union representation","working conditions,job security,pay and benefits,unfair labor practices",internal,"white collar workers,inhouse workers,knowledge workers",usa,,mapbox,,"cwa,retaliation",wynniechan,usa,,,,,,
142,462,"Apple employees circulated voluntary surveys throughout the company to see if Apple has a problem with pay inequality toward women and minorities. Apple HR barred the employees from conducting the surveys, which according to The Verge, is illegally preventing employees' rights to discuss pay. ",8/9/2021,https://www.theverge.com/2021/8/9/22609687/apple-pay-equity-employee-surveys-protected-activity,resources,"pay and benefits,discrimination",internal,"white collar workers,inhouse workers,contract workers,knowledge workers",usa,checked,apple,,sexism,hyatt d.,usa,,,,,,
143,464,"Tech workers fighting for a union at the Times virtually walked out in protest over management’s continued anti-union tactics, the first work stoppage tied to unionization in the tech industry. 
On the day of the walk out, over 50% of the bargaining unit or 300 workers participated. They allege the company has been illegally trying to obstruct their unionization campaign. Tech workers from the company hope to join NewsGuild, an affiliate of the Communications Workers of America Union.",8/11/2021,"https://www.bloomberg.com/news/articles/2021-08-10/new-york-times-tech-staff-to-walk-out-escalating-union-fight, https://collectiveaction.tech/2021/first-strike-for-a-seat-at-the-table/ ","protest,strike",unfair labor practices,internal,"white collar workers,inhouse workers,knowledge workers",new york city-new york-usa,checked,the new york times,300,"cwa,coworker solidarity",hyatt d.,new york city-new york-usa,,,,,,
144,466,"After a supermajority of EveryAction workers signed cards to establish a union, EveryAction voluntarily recognized the EveryAction Workers Union, who will become part of the Communications Workers of America. As a result, the company will engage in negotiations over a collective bargaining agreement in the near future. EveryAction prides themselves on being a progressive workplace and has embraced this unionization.",9/3/2021,https://cwa-union.org/news/releases/workers-everyaction-become-largest-progressive-tech-union?amp,union representation,working conditions,internal,"white collar workers,inhouse workers,knowledge workers","boston-massachussetts-usa,washington_dc-usa",,everyaction,160,cwa,wynniechan,"boston-massachussetts-usa, washington_dc-usa",,,,,,
145,471,"The Apple workers in #AppleToo have released an open letter calling on Tim Cook and the Senior Leadership team to follow through in its diversity, equity, and inclusion promises. Workers have brought up invasive privacy policies, abuse, discrimination, and harassment. Their demands include: (1) “increased separation between Apple-owned and worker-owned digital and physical property in all Apple policies,” (2) “transparent livable, equitable, and fair compensation across all of Apple,” (3) “audit all third-party relationships,” among others. ",9/3/2021,"https://www.appletoo.us/letter/,
https://twitter.com/cherthedev/status/1433865109550501888
",open letter,"pay and benefits,working conditions,ethics,discrimination,unfair labor practices",internal,"white collar workers,inhouse workers,contract workers,knowledge workers",usa,checked,apple,,"coworker solidarity,sexism,antiracism,surveillance,mental health,online action",wynniechan,usa,,,,,,
146,517,"Represented by CWA, workers at Blue State have formed a union in order to better advocate for changes and be a part of the decision-making process. This union was voluntarily recognized, and a collective bargaining contract was approved that improved job security, pay, and benefits.",9/20/2021,"https://medium.com/bluestateunion/blue-state-is-forming-a-union-b0874044061e,
https://cwa-union.org/news/releases/employees-creative-agency-blue-state-secure-first-collective-bargaining-agreement",union representation,"pay and benefits,working conditions,job security",internal,"white collar workers,inhouse workers,knowledge workers",new york city-new york-usa,,blue state,80,"cwa,it workers",wynniechan,new york city-new york-usa,,,,,,
147,481,"21 current and former employees of Blue Origin published an essay that claimed that Blue Origin had multiple issues with sexism and safety. The CEO, Bob Smith was also accused of keeping track of “agitators” and discouraging dissent. Moreover, the letter brings up environmental issues; Blue Origin operates with no consideration of its environmental footprint or permits needed for waste. Smith has responded with a letter that says that the company would “reflect” on ways of improvement and that it has no tolerance for discrimination or harassment. He also emphasized that the vehicle was properly certified for First Human Flight.",9/30/2021,"https://www.theverge.com/2021/9/30/22702335/jeff-bezos-employees-essay-blue-origin-toxic-workplace,
https://www.lioness.co/post/bezos-wants-to-create-a-better-future-in-space-his-company-blue-origin-is-stuck-in-a-toxic-past",open letter,"working conditions,ethics,discrimination",external,"white collar workers,inhouse workers,contract workers,knowledge workers",usa,checked,Blue Origin,21,"retaliation,climate change,sexism,sexual_harassment",wynniechan,usa,,,,,,
148,495,"In response to an internal email chain that brought up concerns over a gender wage gap, over 1200 Microsoft employees volunteered information about their salaries in a shared spreadsheet. Microsoft responded by acknowledging that there is more work to be done in the effort for equal pay for equal work. ",10/12/2021,https://www.businessinsider.com/microsoft-employees-leaked-salaries-spreadsheet-2021-10,"protest,resources","pay and benefits,discrimination",internal,"white collar workers,inhouse workers,knowledge workers",usa,checked,microsoft,1201,"sexism,coworker solidarity,salary sharing",wynniechan,usa,,,,,,
149,485,"In response to Dave Chappelle's controversial Netflix special,  Netflix trans employee resource group has released a list of demands and organized a walkout for October 20th. The demands are increased internal conversations about potentially harmful content, the hiring of trans and nonbinary executives, and removing transphobic content in the office; it notably does not include removing Chappelle’s special from Netflix. Also, a leader of the trans-ERG was fired from Netflix because the company concluded that she leaked confidential information. ",10/18/2021,"https://www.theverge.com/2021/10/18/22733098/netflix-trans-employees-demands-dave-chappelle-walkout,
https://www.theverge.com/2021/10/15/22728337/netflix-fires-organizer-trans-employee-walkout-dave-chappelle","open letter,protest","discrimination,ethics",external,"white collar workers,inhouse workers,knowledge workers",usa,checked,netflix,,"lgbtq,coworker solidarity,online action,retaliation",wynniechan,usa,,,,,,
150,487,"With the backing of Foxglove Legal, Facebook contract moderators at Accenture are protesting low wages with a mobile billboard and internal letter. The billboard calls for Accenture CEO Julie Sweet to “stop exploiting your workers,” considering how much Accenture is paid compared to how much content moderators make per hour. Ukrainian and Spanish language moderators are also excluded from the $2 premium that bilingual moderators receive. Despite the demand for equal pay in June, there was no change. Moreover, the moderators’ work is emotionally and mentally taxing because of the unpleasant content they moderate. Accenture only offers access to behavioral coaches instead of professional psychological care, according to Foxglove Legal. ",10/19/2021,"https://www.theverge.com/2021/10/19/22726915/facebook-content-moderators-protest-low-wages,
https://www.foxglove.org.uk/2021/10/19/letter-facebook-content-moderators-julie-sweet/","protest,open letter","pay and benefits,working conditions",internal,"contract workers,white collar workers","bethesda-maryland-usa,washington_dc-usa",,"accenture,facebook",,"moderators,coworker solidarity,industry solidarity,international solidarity",wynniechan,"bethesda-maryland-usa, washington_dc-usa",,,,,,
151,489,"Employees walked out of a Netflix building in Los Angeles to protest Dave Chappelle’s special, joining supporters and activists who were already rallying. Other Netflix employees stopped working that day as a virtual walkout. #NetflixWalkOut also trended on Twitter. In response, Netflix issued a statement expressing support of the walkout while also remaining supportive of Chappelle.",10/20/2021,https://www.nytimes.com/2021/10/20/business/media/netflix-protest-dave-chappelle.html,"protest,strike","discrimination,ethics",external,"white collar workers,inhouse workers,knowledge workers",los angeles-california-usa,checked,netflix,125,"lgbtq,online action,politics",wynniechan,los angeles-california-usa,,,,,,
152,501,"Around 600 Google employees signed a manifesto that opposes Google’s new COVID-19 vaccine mandate for its potential impact on corporate America and as a matter of principle and inclusion. An open letter was also sent to Google’s chief health officer, Karen DeSalvo. ",11/23/2021,"https://www.cnbc.com/2021/11/23/google-employees-sign-manifesto-against-widened-vaccine-mandate.html,
https://www.dailymail.co.uk/news/article-10236939/At-600-Google-workers-sign-manifesto-calling-company-retract-COVID-vaccine-mandate.html",open letter,ethics,internal,"white collar workers,contract workers,inhouse workers,knowledge workers",usa,checked,google,601,"coronavirus,politics",wynniechan,usa,,,,,,
153,503,"Three former Google workers are filing a lawsuit against Google for slander, breach of contract, and termination in violation of public policy. While at Google, the former employees had publicly protested Google’s intent to enter a contract with the CBP and ICE. Some Google workers believe the firing was to discourage organizing. Google responded that the firings are due to violations of their data security policies. ",11/29/2021,https://www.forbes.com/sites/angelauyeung/2021/11/29/former-google-engineers-sue-company-alleging-slander-and-breach-of-contract/?sh=2157de0e67e6,legal action,"unfair labor practices,ethics,job security",external,"white collar workers,knowledge workers,inhouse workers",santa clara-california-usa,,google,3,"retaliation,military_contracts,ice,politics",wynniechan,santa clara-california-usa,,,,,,
154,521,"ActBlue has voluntarily recognized the Campaign Workers Guild as union representatives for ActBlue’s workers, and there are plans to create a collective bargaining agreement.",12/2/2021,https://blog.actblue.com/2020/12/02/welcome-actblue-union/,union representation,"working conditions,ethics",internal,"white collar workers,inhouse workers,knowledge workers",usa,checked,actblue,80,fund_raising,wynniechan,usa,,,,,,
155,520,"The co-founders of Big Cartel voluntarily recognized the Big Cartel Workers Union, which are represented by the OPEIU. The workers unionized in order to have a larger voice in the decision-making process, and to ensure fair pay and benefits for everyone. This union is also the first tech union in a “right-to-work” state.",12/13/2021,https://techcrunch.com/2021/12/14/big-cartel-staff-are-voluntarily-recognized-as-the-latest-tech-workers-union/,"union drive,union representation","working conditions,pay and benefits",internal,"white collar workers,inhouse workers,knowledge workers",salt lake city-utah-usa,,big cartel,30,opeiu,wynniechan,salt lake city-utah-usa,,,,,,
156,506,[motion to delete] A Citizen App workers’ bargaining unit voted 51-22 in favor of unionizing with the help of the Communications Workers of America. This effort was partially driven by fears of outsourcing after the company outsourced some job tasks to contract workers overseas.,12/14/2021,https://www.yahoo.com/now/citizen-app-workers-vote-unionize-210325963.html?guccounter=1&guce_referrer=aHR0cHM6Ly93d3cuZ29vZ2xlLmNvbS8&guce_referrer_sig=AQAAABzGqlx9rV0WtzFdwvQMW1lNxIYsj3jG1yvHG2HUVLY03t6R10vLFBw2yIUv3_8VycSDnEiGa3yuUfuM0fWY4_SxRFBMO3KkMmN9zPdpf3LextbBH16mIiRJDc9KmWcAukkBRrxKl4FzET7sMHovLg6AL02_DJmSHLJi-dDZ2rNA,union representation,job security,internal,"white collar workers,inhouse workers,knowledge workers",usa,,citizen,73,,wynniechan,usa,,,,,,
157,515,[motion to delete] Amazon has reached a settlement with the NLRB that would allow its workers to organize more freely without retaliation. Amazon will also email its employees to notify them of their organizing rights.,12/23/2021,https://www.cbsnews.com/news/amazon-reaches-settlement-that-gives-workers-more-power-to-organize/,legal action,"unfair labor practices,working conditions",,"white collar workers,inhouse workers,blue collar workers",usa,,amazon,,retaliation,wynniechan,usa,,,,,,
158,523,"A former Amazon engineer created an online petition to urge Washington lawmakers to pass the SB 5130 bill. This bill would mandate employers to provide workers with access to their personnel files and internal rankings for increased transparency. While the bill is stalled, several tech workers will testify on it in the next legislative session.",1/11/2022,"https://www.businessinsider.com/amazon-employee-ranking-system-drone-engineer-lawmakers-bill-washington-2022-1,
https://actionnetwork.org/petitions/demand-transparency-for-washingtons-workers-pass-sb-5130?source=direct_link
","protest,open letter,legal action",working conditions,internal,"white collar workers,inhouse workers,knowledge workers",washington_dc-usa,checked,amazon,201,"online action,politics",wynniechan,washington_dc-usa,,,,,,
159,526,Thirty-four members of Activision Blizzard Studios have formed a union supported by the CWA. The members have requested for Activision Blizzard to voluntarily recognize it. Activision Blizzard responded that they are “carefully considering” it. Unionization efforts have started in response to poor workplace conditions and issues of sexual harassment.,1/21/2022,https://ohionewstime.com/workers-in-a-studio-owned-by-activision-blizzard-say-they-formed-a-coalition/321196/,union drive,"working conditions,ethics",internal,"white collar workers,inhouse workers,knowledge workers",san francisco-california-usa,,activision blizzard,34,"cwa,coworker solidarity,sexual_harassment",wynniechan,san francisco-california-usa,,,,,,
160,527,"After two years of organizing, Nava PBC workers formed Nava United in partnership with OPEIU. Besides adding stability and benefits, union organizers hope that this effort will “increase pay transparency, equity, employee retention and attract new talent.” They are currently seeking voluntary recognition. ",2/3/2022,"https://technical.ly/2022/02/03/nava-pbc-tech-union/,
https://twitter.com/Nava_United/status/1489328874575912960?t=XCIQHf6V9CimZJiYw_rUoQ&s=19","union representation,union drive,open letter","pay and benefits,job security,ethics",internal,"white collar workers,contract workers,inhouse workers,knowledge workers",washington_dc-usa,,nava pbc,171,opeiu,wynniechan,washington_dc-usa,,,,,,
161,531,"Workers at Nava PBC have joined together with a supermajority of their colleagues to form Nava United. Workers at Nava help to build accessible platforms for vital government services (like the DOJ's civil rights portal, medicare and medicaid services, and more), and more. They are forming a union to improve their working conditions and strengthen the work they do at Nava.",2/3/2022,"https://twitter.com/Nava_United/status/1489328874575912960?s=20&t=wBhNN2TOTrksE7vxzWCo3w, https://technical.ly/company-culture/nava-pbc-tech-union/","union drive,union representation",working conditions,internal,"white collar workers,knowledge workers,inhouse workers",usa,checked,nava pbc,115,opeiu,wynniechan,usa,,,,,,
162,530,"In response to new leadership and business restructuring that led to 2,800 employees being fired, terminated Peloton employees (who were allowed to attend the meeting) flooded the chat box of the virtual Q2 earnings call with complaints about the job cuts and mismanagement. Former employees also began helping each other find new jobs on LinkedIn and a publicly accessible spreadsheet.",2/9/2022,"https://www.theverge.com/2022/2/9/22926095/peloton-ceo-all-hands-fired-employees,
https://www.cnbc.com/2022/02/09/peloton-ceos-first-all-hands-meeting-cut-short-as-ex-staff-crash-it.html","protest,resources","working conditions,job security",internal,"white collar workers,knowledge workers,inhouse workers",usa,checked,peloton,260,"online action,coworker solidarity",wynniechan,usa,,,,,,
163,540,"Google is expanding its North Carolina offices located in the “Triangle Area” for increased diversity in the workforce. However, workers expressed concern over the workers’ lower salaries and stock equity grants. In a letter, employees asked for increased transparency about regional salary calculations and the removal of the salary cut. Moreover, many workers had relocated to the Triangle Area during the pandemic due to remote work for more affordable living expenses.

The Alphabet Workers Union has also created an open letter that expressed their grievances with the salary in the Triangle Area.

In response, a spokesperson has said that their compensation guidelines in the area exceed the market pay benchmarks and that employees haven’t had a reduction in salary or existing equity grants.",2/18/2022,"https://www.washingtonpost.com/technology/2022/02/18/google-raleigh-hbcu-salary/, https://www.newsobserver.com/news/business/article258555663.html, https://airtable.com/shrWrnlxqumeJhF1g",open letter,"pay and benefits,unfair labor practices",internal,"white collar workers,inhouse workers,knowledge workers","chapel hill-north carolina-usa,durham-north carolina-usa,raleigh-north carolina-usa",checked,google,,"coworker solidarity,coronavirus,online action",wynniechan,"chapel hill-north carolina-usa, durham-north carolina-usa, raleigh-north carolina-usa",,,,,,
164,582,Over 400 Salesforce employees signed onto an open letter critiquing the company's decision to launch NFT products citing their harmful environmental impact.,2/18/2022,https://www.context.news/big-tech/hundreds-of-salesforce-employees-object-to-nft-plans?utm_source=news-trust&utm_medium=redirect&utm_campaign=context&utm_content=article,open letter,ethics,"internal,external","white collar workers,knowledge workers,inhouse workers",usa,checked,salesforce,401,crypto,nataliyaned,usa,,,,,,
165,584,"More than 500 Google employees signed an open letter who alleged that the company was retaliating against her after she organized efforts to protest Project Nimbus, the company's $1.2 billion contract with the Israeli military. ",3/15/2022,https://www.latimes.com/business/technology/story/2022-03-15/google-project-nimbus-ariel-koren,open letter,ethics,"internal,external","white collar workers,knowledge workers,inhouse workers",mountain view-california-usa,checked,google,501,,nataliyaned,mountain view-california-usa,,,,,,
166,579,"Part-time hourly workers who operate AppFolio's property management chatbot (called ""Lisa"") filed for a union election. They said the workload and message volume have steadily increased over time, while pay has stagnated, this is one of several reasons workers are interested in forming a union. The union organized with CWA, and filed for an NLRB election which began on May 10th, 2022. They won on June 8th, 2022, 42-16. ",3/21/2022,"https://news.techworkerscoalition.org/2022/05/10/issue-9/, https://www.businessinsider.com/appfolio-chatbot-operators-aim-to-unionize-heres-what-they-want-2022-5",union drive,"pay and benefits,working conditions",internal,"white collar workers,inhouse workers",remote-usa,,appfolio,70,,emily,remote-usa,,,,,,
167,544,"Workers at Nava PBC have received voluntary recognition for their union Nava United with OPEIU Tech Workers Union Local 1010. They are now the largest union of civic tech workers in the US. Some of their goals are to improve the workplace to be more equitable and inclusive, as well as improve pay and PTO. ",3/25/2022,"https://www.opeiu.org/Home/NewsandMedia/TabId/2838/ArtMID/4815/ArticleID/2637/Employees-at-Nava-PBC-Secure-Recognition-of-Their-Union-the-Largest-in-Civic-Tech.aspx,
https://www.prnewswire.com/news-releases/employees-at-civic-tech-company-nava-pbc-request-voluntary-recognition-of-their-wall-to-wall-union-with-opeiu-tech-workers-union-local-1010-301475241.html,
https://twitter.com/nava_united/status/1507451172495376389?s=21",union representation,"pay and benefits,working conditions,discrimination,ethics",internal,"white collar workers,inhouse workers,knowledge workers",usa,,nava pbc,171,opeiu,wynniechan,usa,,,,,,
168,545,"Microsoft, SAP SE, and IBM have continued to maintain operations in Russia. In response, groups of workers at these companies have called for them to do more than just end new sales and to instead withdraw completely. Workers also discussed and criticized the companies’ stances in internal discussion forums, with some Microsoft workers even threatening to quit if the company doesn’t exit. Other workers worry about the withdrawal’s potential effect on civilians.",3/30/2022,https://www.reuters.com/technology/tech-workers-urge-companies-join-ukraines-digital-blockade-russia-2022-03-30/,protest,ethics,external,"white collar workers,inhouse workers,knowledge workers","usa,ukraine,germany",checked,"microsoft,ibm,sap se",18,"politics,online action",wynniechan,"usa, ukraine, germany",,,,,,
169,547,"In response to Activision Blizzard lifting its vaccine mandate, A Better ABK announced that employees will walk out in protest. Their demands are to reverse the lifting of the vaccine requirement, to allow remote work permanently, and to allow each individual employee to decide whether to work remotely or in person. 

As of 4/1/22, Activision Blizzard is operating under a voluntary return to office policy, and each studio will have its own policies regarding the vaccine mandate.",4/1/2022,"https://www.theverge.com/2022/4/1/23007115/activision-blizzard-workers-walkout-vaccine-mandate-a-better-abk,
https://twitter.com/ABetterABK/status/1509999545459134469?ref_src=twsrc%5Etfw%7Ctwcamp%5Etweetembed%7Ctwterm%5E1509999547375886355%7Ctwgr%5E%7Ctwcon%5Es2_&ref_url=https%3A%2F%2Fwww.theverge.com%2F2022%2F4%2F1%2F23007115%2Factivision-blizzard-workers-walkout-vaccine-mandate-a-better-abk
",protest,working conditions,internal,"white collar workers,inhouse workers,knowledge workers",usa,checked,activision blizzard,,coronavirus,,usa,,,,,,
170,577,"A group of Amazon workers disrupted a Pride Month event at HQ in Seattle to protest the company's sale of anti-trans books. The group, No Hate at Amazon, demanded that the company stop producing and selling books that the group says are harmful to transgender youth. ",6/1/2022,"https://www.washingtonpost.com/technology/2022/06/01/amazon-trans-pride-month-books-protest/, https://www.seattletimes.com/business/concerned-that-amazon-offers-anti-trans-guides-for-parents-workers-shut-down-the-companys-pride-month-kickoff/",protest,ethics,internal,"white collar workers,inhouse workers,knowledge workers",seattle-washington-usa,,amazon,30,,emily,seattle-washington-usa,,,,,,
171,559,Kickstarted United win first contract.,6/3/2022,"https://kickstarterunited.org/first-contract/#:~:text=On%20June%2017th%2C%202022%2C%2097.6,standards%20across%20the%20tech%20industry.","other,contract ratification","pay and benefits,working conditions",internal,"white collar workers,knowledge workers,inhouse workers",new york city-new york-usa,,kickstarter,,,emily,new york city-new york-usa,,,,,,
172,589,"Google executives abruptly canceled an employee-organized event about caste bias in April said the company's top diversity officer during a monthly all-hands meeting on Thursday. Employees bombarded executives during the all-hands meeting with questions about addressing caste discrimination and why the anti-bias talk had been pulled. Three people who were present shared an audio recording of the meeting with Business Insider. Tanuja Gupta, the event's organizer and a senior manager at Google News, had sent an email announcing she was quitting Google because of the company's reaction.",6/3/2022,https://www.businessinsider.com/google-caste-bias-event-canceled-all-hands-employee-meeting-audio-2022-6,protest,discrimination,internal,"white collar workers,knowledge workers,inhouse workers",usa,,"alphabet,google",,caste,organizejs,usa,,,,,,
173,586,Nine members of Axon's AI ethics board resigned after the company said it would develop Taser-armed drones to sell to schools.,6/6/2022,https://www.protocol.com/bulletins/axon-ai-ethics-board-resignation,protest,ethics,external,"white collar workers,knowledge workers,inhouse workers",usa,,axon,9,,nataliyaned,usa,,,,,,
174,557,"Workers at Salesforce wrote an open letter to urge upper management to stop working with the National Rifle Association. The letter comes after the Uvalde, Texas elementary school shooting.  ",6/9/2022,https://www.sfgate.com/bayarea/article/Salesforce-workers-demand-company-stop-working-NRA-17202021.php,open letter,ethics,external,"knowledge workers,white collar workers,inhouse workers",san francisco-california-usa,checked,salesforce,4000,gun_violence,emily,san francisco-california-usa,,,,,,
175,587,"A petition posted to a decentralized publishing platform mirror.xyz calls for the removal of several Coinbase execs. The anonymous petition was said to have been from employees and asked for a “vote of no confidence” that would remove Chief Operating Officer Emilie Choi, Chief Product Officer Surojit Chatterjee, and Chief People Officer LJ Brock. They were deemed “the most prominent executives who have been executing plans and ideas that have led to questionable results and negative value,” including a controversial performance review system and approach to hiring. The petitioners took issue with Coinbase’s “aggressive” hiring ambitions as well as its decision to rescind offers, which led to negative publicity. The petition appears to have since been pulled down, but Coinbase Chief Executive Brian Armstrong linked to a site referencing an archived version of it while criticizing the initiative Friday in posts on Twitter.",6/10/2022,https://www.marketwatch.com/story/after-petition-for-leadership-changes-coinbase-ceo-tells-workers-to-quit-if-they-dont-believe-in-top-execs-11654898961,open letter,job security,internal,"white collar workers,knowledge workers,inhouse workers",usa,checked,coinbase,,crypto,organizejs,usa,,,,,,
176,588,"Plaintiffs’ law firms Lieff Cabraser Heimann & Bernstein LLP and Altshuler Berzon LLP announced that Plaintiffs have reached an agreement with Google, in which Google will pay $118 million to settle a class action gender discrimination lawsuit, Ellis v. Google LLC, No. CGC-17-561299, pending since 2017. The settlement covers approximately 15,500 female employees in 236 job titles (“covered positions”) in California since September 14, 2013. The named Plaintiffs are Kelly Ellis, Holly Pease, Kelli Wisuri, and Heidi Lamar. All of the Plaintiffs are women who worked for Google in California in a covered position since September 14, 2013. ",6/11/2022,https://www.lawyer-monthly.com/2022/06/plaintiffs-and-google-agree-to-118-million-settlement-of-pay-equity-class-action/,legal action,discrimination,internal,"white collar workers,knowledge workers,inhouse workers",usa,,"alphabet,google",4,,organizejs,usa,,,,,,
177,560,"Workers at Epic Systems, a medical records software company, protested the company's plans to mandate that all employees return to in-person work in July/August 2020. Two employees created a survey that they then distributed among employees, yielding over 400 responses indicating broad dissatisfaction with Epic's covid response and plans. They sent a summary of the data to Epic leadership, but were ignored. Eventually, Epic walked back their plans after national and local news media picked up the story.",6/15/2022,"https://tonemadison.com/articles/epic-workers-arent-just-mad-theyre-organizing/, https://ehrintelligence.com/news/epic-systems-delays-return-to-work-policy-amid-employee-blowback, https://docs.google.com/document/d/1zKMYB3dYPMIZiIxkorYmKrM6L5hnH0Zu1mrL2t1gyNQ/edit?usp=sharing",other,working conditions,internal,"white collar workers,knowledge workers,inhouse workers",madison-wisconsin-usa,checked,Epic Systems,400,coronavirus,emily,madison-wisconsin-usa,,,,,,
178,575,"Tech and business workers at the magazine The Atlantic went public with a union campaign. The proposed union would include some 130 members in New York and Washington who are employed in revenue-driving jobs like data analysis, software engineering, graphic design for sponsored content, sales, marketing and customer service. They won union recognition with a card count on September 2, 2022. They joined the NewsGuild union (CWA).",7/21/2022,"https://www.huffpost.com/entry/atlantic-tech-business-workers-form-union_n_62c73ce8e4b0aa392d3c7a92?59l, https://newsguild.org/the-atlantics-business-and-tech-workers-win-union-recognition/ ",union drive,"working conditions,pay and benefits,job security",internal,"knowledge workers,white collar workers,inhouse workers","new york city-new york-usa,washington_dc-usa",,the atlantic,130,cwa,emily,"new york city-new york-usa, washington_dc-usa",,,,,,
179,554,"Over 650 Google employees signed a petition organized by the Alphabet Workers Union calling on the company to extend abortion-related health benefits to contractors and better protect user privacy in the wake of a Supreme Court decision overturning Roe v. Wade in June. Google announced after the Dobbs decision came down that health insurance would cover out-of-state medical procedures and that they could apply for relocation without justification, but that these benefits do not extend to TVCs (temporary, vendor, or contract workers). This petition demanded the benefits be extended to TVCs and also add seven additional sick days, for travel purposes for out of state procedures. The petition also demands that Google never save Google searches related to abortion access or hand them over to law enforcement. ",8/18/2022,"https://www.theverge.com/2022/8/18/23308694/google-employees-petition-abortion-benefits-contractors-alphabet-workers-union, https://www.reuters.com/technology/google-employees-petition-bosses-abortion-policy-changes-2022-08-18/ ",open letter,"pay and benefits,ethics",internal,"white collar workers,inhouse workers,contract workers,knowledge workers",usa,checked,"alphabet,google",650,"coworker solidarity,cwa,law_enforcement",emily,usa,,,,,,
180,593,"Apple employees started a petition to protest the company's mandated three day per week return to office policy. The group, Apple Together, reported 270 signatures as of Monday afternoon.",8/22/2022,"https://www.forbes.com/sites/dereksaul/2022/08/22/return-to-office-heres-where-tech-giants-stand-after-apple-employees-protest-mandate/?sh=10aacae72ce0, https://www.indiatoday.in/technology/news/story/apple-employees-protest-after-tim-cook-orders-them-to-come-to-office-3-days-a-week-1991674-2022-08-23 ",open letter,working conditions,internal,"white collar workers,inhouse workers,knowledge workers",usa,checked,apple,270,,nataliyaned,usa,,,,,,
181,594,"Fifteen Google employees posted audio testimonies on YouTube asking the company not to work with Israel and criticizing Google’s treatment of Palestinians and its censorship of employees who support them. The remarks were posted to coincide with the resignation of Ariel Koren, a former Google employee who alleges she was forced out of her job after speaking out on the issues. All but two spoke anonymously.",8/30/2022,"https://www.nytimes.com/2022/08/30/technology/google-employee-israel.html#:~:text=Ms.,Google%20to%20reconsider%20the%20deal",protest,ethics,"internal,external","white collar workers,inhouse workers,knowledge workers",usa,checked,"alphabet,google",15,,nataliyaned,usa,,,,,,
182,568,"Workers at Google and Amazon partnered with community groups and the Alphabet Workers Union to protest a $1.3 billion contract with the Israeli government, for cloud computing services, known as Project Nimbus. Google workers planned a day of action in early September, with protests in three cities, as part of a new ""No Tech for Apartheid"" campaign and the group Google & Amazon Workers Against Project Nimbus.",9/1/2022,"https://www.democracynow.org/2022/9/1/google_project_nimbus_israeli_military_unionizing, https://www.notechforapartheid.com/, https://www.middleeasteye.net/news/project-nimbus-israel-apartheid-google-amazon-protests ",protest,ethics,external,"knowledge workers,white collar workers,contract workers,inhouse workers","seattle-washington-usa,san francisco-california-usa,new york city-new york-usa,durham-north carolina-usa",,"google,alphabet,amazon",790,"military_contracts,international solidarity,law_enforcement",emily,"seattle-washington-usa, san francisco-california-usa, new york city-new york-usa, durham-north carolina-usa",,,,,,
183,566,"ActBlue Technical Services, the tech worker side of ActBlue that employs designers, data scientists, product and project managers, software engineers, and more, announced a union drive, forming ActBlue Tech Workers Union. They were voluntarily recognized by management by 10/18/2022. Two other unions were simultaneously in the process of bargaining with shared management- the ActBlue union and the Campaign Workers Guild. ",9/7/2022,"https://twitter.com/abtwu/status/1567559223177007104?t=J5SKsgJMlishHM1vmyUD1A&s=19,https://abtwu.org/2022/10/17/press-release.html ",union drive,"pay and benefits,ethics",internal,"knowledge workers,inhouse workers,white collar workers",somerville-massachusetts-usa,,actblue,80,cwa,emily,somerville-massachusetts-usa,,,,,,
184,595,Twitter employees have circulated an open letter criticizing Elon Musk's plans for layoffs at the company.,10/24/2022,https://time.com/6224380/elon-musk-twitter-open-letter/,open letter,job security,internal,"white collar workers,inhouse workers,knowledge workers",usa,checked,twitter,,,nataliyaned,usa,,,,,,
185,596,"Former Twitter employees filed a class action lawsuit against the company for not giving them 60 days advance notice of layoffs, violating the federal Worker Adjustment and Retraining Notification Act as well as the California WARN Act.",11/4/2022,https://techcrunch.com/2022/11/04/twitter-faces-a-class-action-lawsuit-over-mass-employee-layoffs-with-proper-legal-notice/,legal action,"job security,unfair labor practices",internal,"white collar workers,inhouse workers,knowledge workers",usa,checked,twitter,,,nataliyaned,usa,,,,,,
186,598,Twitter's trust and safety team had a one day sickout to protest Elon Musk's mass layoffs of the team and controversial new policies. They had delivered a letter to Musk one week earlier warning of the dangers of his new badge system.,11/10/2022,https://www.businessinsider.com/twitters-trust-and-safety-team-protested-against-musks-policies-2022-11,"protest,strike,open letter","unfair labor practices,job security",internal,"white collar workers,inhouse workers,knowledge workers",usa,,twitter,,,nataliyaned,usa,,,,,,
187,553,"""In an open letter addressed to Chief Executive Officer Sundar Pichai, employees made a series of demands of the company, including freezing new hires, seeking voluntary redundancies before compulsory ones, giving priority to laid off workers for job vacancies and letting workers finish scheduled periods of paid time off, such as parental and bereavement leave. [...] The workers also called on Alphabet to avoid terminating employees from countries with active conflicts or humanitarian crises, such as Ukraine, and provide extra support to those at risk of losing their visa-linked residency along with their jobs. [...] The letter was organized by a group of employees supported by unions including the Alphabet Workers Union, United Tech and Allied Workers and UNI Global. It was born out of discussions via a Discord channel set up after the jobs cuts were announced.""",3/17/2023,"https://fortune.com/2023/03/17/google-employees-petition-sundar-pichai-ceo-job-cuts/, https://www.global-respect.win ",open letter,job security,internal,"knowledge workers,white collar workers,contract workers,inhouse workers",usa,checked,alphabet,1532,"international solidarity,immigration,cwa",emily,usa,,,,,,
188,562,"Digital Media United, the union of NPR's Digital Media, Audience Growth, & Communications divisions (members of  NABETCWA Local 31, and part of CODE CWA) began work to rule in response to an announcement that NPR laid off 10% of its workers, and as a form of pressure for management to finalize a their first contract with them at the bargaining table. The layoffs hit all divisions, including job titles covered by another union (SAG-AFTRA). DMU announced on twitter that they were planning to begin work to rule, refusing to pick up work outside of job descriptions, working scheduled hours and no more, and taking company Slack off of their phones, ""until we get the contract we deserve from NPR."" ",3/28/2023,"https://twitter.com/webuildnpr/status/1640480889955307520?s=46, https://twitter.com/WeBuildNPR/status/1640495142623748104?s=20",strike,"job security,working conditions",internal,"knowledge workers,white collar workers,inhouse workers","washington DC-washington DC-usa,remote-usa",,NPR,63,cwa,emily,"washington DC-washington DC-usa, remote-usa",,,,,,
189,569,"Protestors interrupted the keynote speech at an Amazon Web Services (AWS) summit in Manhattan to protest Project Nimbus, a join $1.2 billion contract that Amazon signed with Google and the ISraeli government, to provide cloud services. Activists with the New York Communities for Change (NYCC), Make the Road NY, MediaJustice, MPower Change, Action Center on Race and the Economy (ACRE), and the Immigrant Defense Project (IDP) joined together with the #NoTechForApartheid campaign and Mijente’s #NoTechforICE campaign in the protest.",7/12/2023,https://www.vice.com/en/article/n7zbkx/no-tech-for-israeli-apartheid-protesters-disrupt-aws-conference-over-military-contract,protest,ethics,external,"knowledge workers,white collar workers,inhouse workers,other",new york city-new york-usa,,amazon,,"military_contracts,surveillance",emily,new york city-new york-usa,,,,,,
190,324,1/1/2023,"“A majority of workers at eBay-owned TCGPlayer won their union election on Friday, March 10 and will be represented by the Communications Workers of America (CWA) Local 1123. TCGPlayer is one of the largest online marketplaces for verification services, card games, comics, and collectible trading cards. It was acquired by eBay in November 2022. The workers, known as TCGUnion-CWA, are the first group of eBay workers to win union representation in the U.S.” from CWA press release","https://www.polygon.com/23561476/tcgplayer-union-ebay-cwa-announcement
https://cwa-union.org/news/releases/workers-tcgplayer-celebrate-groundbreaking-win-tcgunioncwa-becomes-first-certified
https://www.engadget.com/tcgplayer-workers-form-ebay-first-union-095615128.html","union drive,legal action","unfair labor practices,pay and benefits,working conditions",,"in-house workers,blue collar workers",Syracuse-New York-USA,,"TCGPlayer, eBay",,cwa,,,,,,,,
191,286,3/15/2023,"Google workers staged a walkout at Google offices in Zurich, Switzerland after Google laid off 200 workers. Some of the workers who walked out are members of IT workers' union Syndicom, who said the walkout was in solidarity with laid off workers.",https://www.reuters.com/technology/google-workers-stage-walkout-zurich-office-job-cuts-hit-europe-2023-03-15/,"protest,strike",job security,internal,"knowledge workers,white collar workers,in-house workers",zurich-switzerland,,"google, alphabet",500,,,,,,,,,
192,285,3/17/2023,"""In an open letter addressed to Chief Executive Officer Sundar Pichai, employees made a series of demands of the company, including freezing new hires, seeking voluntary redundancies before compulsory ones, giving priority to laid off workers for job vacancies and letting workers finish scheduled periods of paid time off, such as parental and bereavement leave. [...] The workers also called on Alphabet to avoid terminating employees from countries with active conflicts or humanitarian crises, such as Ukraine, and provide extra support to those at risk of losing their visa-linked residency along with their jobs. [...] The letter was organized by a group of employees supported by unions including the Alphabet Workers Union, United Tech and Allied Workers and UNI Global. It was born out of discussions via a Discord channel set up after the jobs cuts were announced.""","https://fortune.com/2023/03/17/google-employees-petition-sundar-pichai-ceo-job-cuts/
https://www.global-respect.win/ ",open letter,job security,internal,"knowledge workers,white collar workers,contract workers,in-house workers","remote, usa",checked,alphabet,1532,"international solidarity,immigration,cwa",,,,,,,,
193,284,3/28/2023,"Digital Media United, the union of NPR's Digital Media, Audience Growth, & Communications divisions (members of  NABETCWA Local 31, and part of CODE CWA) began work to rule in response to an announcement that NPR laid off 10% of its workers, and as a form of pressure for management to finalize a their first contract with them at the bargaining table. The layoffs hit all divisions, including job titles covered by another union (SAG-AFTRA). DMU announced on twitter that they were planning to begin work to rule, refusing to pick up work outside of job descriptions, working scheduled hours and no more, and taking company Slack off of their phones, ""until we get the contract we deserve from NPR."" ","https://twitter.com/webuildnpr/status/1640480889955307520?s=46
https://twitter.com/WeBuildNPR/status/1640495142623748104?s=20","other,strike","job security,working conditions",internal,"knowledge workers,white collar workers,in-house workers",washington DC-washington DC-usa remote-usa,,NPR,63,cwa,,,,,,,This was posted in the TWC slack :),Clarissa
194,334,7/10/2023,Tech workers at Saab UK's Public Safety & Security division organised to win union recognition with the UTAW branch of CWU.,https://www.gov.uk/government/publications/cac-outcome-cwu-saab-uk-ltd,"union drive,union representation,contract ratification","pay and benefits,working conditions",internal,"in-house workers,white collar workers",Hull-UK,,Saab UK,60,technicians,,,,,,NewsGuild,Please keep the number of participating workers private until the strike.,Clarissa
195,292,7/12/2023,"Protestors interrupted the keynote speech at an Amazon Web Services (AWS) summit in Manhattan to protest Project Nimbus, a join $1.2 billion contract that Amazon signed with Google and the ISraeli government, to provide cloud services. Activists with the New York Communities for Change (NYCC), Make the Road NY, MediaJustice, MPower Change, Action Center on Race and the Economy (ACRE), and the Immigrant Defense Project (IDP) joined together with the #NoTechForApartheid campaign and Mijente’s #NoTechforICE campaign in the protest.",https://www.vice.com/en/article/n7zbkx/no-tech-for-israeli-apartheid-protesters-disrupt-aws-conference-over-military-contract,protest,ethics,external,"knowledge workers,white collar workers,in-house workers,other",new york-new york-usa,,Amazon,2,"military contracts,surveillance",,,,,,,If you have trouble finding details I can ask my friend who was part of the union drive,
196,323,7/14/2023,Code for America's union filed ULPs about mistreatment and violation of weingarten rights in the workplace.,https://cfaworkersunited.com/bargaining/2023/07/14/cfa-actions-dont-align-with-values.html,"legal action,open letter","pay and benefits,working conditions,unfair labor practices",internal,"knowledge workers,white collar workers",,checked,Code for America,82,,,,,,,,,
197,330,10/7/2023,"300 software engineers, product managers, members of the sales team and other staffers signed a 3-year contract between their union, the EveryAction Workers Union, and their employer, a software company supporting Democratic candidates and a wide range of non-profits. The contract established a 40-hour workweek, a guaranteed 3% annual raise, remote work, and protections against surveillance.",https://code-cwa.org/stories/cwa-reaches-agreement-first-contract,union representation,"pay and benefits,working conditions",internal,knowledge workers,washington-dc-usa,,EveryAction (Bonterra),,"cwa,surveillance,it workers",,,,,,,,
198,327,2/1/2024,ActBlue's tech workers' union ratifies its first contract.,https://cwa-union.org/news/cwa-members-actblue-ratify-first-union-contract,"contract ratification,union drive,union representation",other,internal,"knowledge workers,white collar workers,blue collar workers",,,,,,,,,,,,,
199,329,2/2/2024,FastMail workers win union election.,https://union.place/@fastmailunited/111858523043703221,union drive,working conditions,internal,knowledge workers,,,,,,,,,,,,,
200,328,3/2/2024,"Bandcamp workers formed a union, got contract ratified, then faced layoffs and negotiated a severance agreement","

https://techcrunch.com/2023/03/16/employees-at-epic-owned-bandcamp-form-union/, 
https://techhq.com/2023/10/what-do-layoffs-mean-after-songtradr-bandcamp-acquisition/,
https://www.sfgate.com/tech/article/bandcamp-bargaining-union-layoffs-songtradr-18432047.php","contract ratification,union representation,legal action",other,internal,white collar workers,,,,,,,,,,,,,
201,331,3/10/2024,"Staff at the Alan Turing Institute (the UK’s national institute for artificial intelligence and data science) expressed “serious concerns” about the organisation’s approach to diversity after it appointed four men to senior roles in an open letter to the executive.

The letter, signed by more than 180 people, questions whether ATI is following through on its commitment to inclusive hiring and urges the institute to look at gender disparity in its senior roles.",https://www.theguardian.com/science/2024/mar/11/staff-at-alan-turing-institute-speak-out-after-four-men-given-top-roles,open letter,discrimination,internal,"knowledge workers,white collar workers",London-United Kingdom,,The Alan Turing Institute,180,"academics,sexism",,,,,,,,
202,332,9/10/2024,"Democracy Workers Collective organized a ""sick out"" to protest management's refusal to agree to a salary minimum of $60,000 for all workers, an annual increase of at least $1,500 for all workers, a guaranteed minimum salary increase of at least 5% for all promotions, and clear leveling and promotion paths. ",https://www.instagram.com/p/C_vY98rA2ye/,"strike,other","pay and benefits,working conditions",internal,white collar workers,US,,Democracy Works,2,"cwa,coworker solidarity",,,,,,,,
203,333,9/10/2024,"Members of NYTTG voted to approve a strike by 95%, to pressure management at the bargaining table. The strike demands include security with ‘just cause,’ pay equity, and work-life balance. The strike authorization vote concluded with 89% of the union’s members voting and 95% approving the strike. ",https://www.nyguild.org/post/new-york-times-tech-guild-votes-yes-to-strike,other,"pay and benefits,working conditions,job security",internal,"white collar workers,content creators",New York-new york-usa,,The New York Times,553,other,,,,,,,,
204,326,1/1/2025,"Union representatives and management of EveryAction jointly announced that the company has voluntarily recognized the EveryAction Workers Union, with the Communications Workers of America’s CODE-CWA project. EveryAction provides nonprofits with customer relationship management, donor management, and fundraising software tools. A supermajority, 67%, of the approximately 240 eligible EveryAction workers in the United States signed cards to establish the union. The union held a formal card count with the American Arbitration Association and received voluntary recognition from management, and is now the largest progressive tech union with majority traditional tech workers in the United States.","https://www.ngpvan.com/blog/workers-at-everyaction-become-largest-progressive-tech-union/ 

Don't actually know starting date, sorry! Picked the above because I had to pick something","union drive,contract ratification,union representation",other,internal,"white collar workers,knowledge workers",,,EveryAction,,,,,,,,,,
205,338,2/10/2026,Tech workers of the Washington Post Tech Guild held a protest and work stoppage in front of the WaPo offices in protest of layoffs.,https://www.instagram.com/p/DUls8-ygGW8/,"protest,union representation","pay and benefits,unfair labor practices,job security",internal,"knowledge workers,white collar workers,in-house workers",washington dc-washington dc-usa,,The Washington Post,,"retaliation,cwa,layoffs",,,,,,,,
206,,"In an internal petition, hundreds of Amazon tech workers asked the company to match employee donations to help Pakistan rebuild after a floor, and create a climate disaster fund.",2023-01-13,https://www.nbcnews.com/business/corporations/amazon-employees-climate-change-action-pakistan-rcna64896,open letter,climate,,"white collar workers,inhouse workers,knowledge workers",unknown,,Amazon,thousands,,,,,,,,,
207,,40+ Youtube Music workers (contractors with Cognizant) go on strike in response to return-to-office mandate.,2023-02-03,https://techcrunch.com/2023/02/03/youtube-music-contractors-strike-over-alleged-unfair-labor-practices/,strike,"union activity,working conditions,retaliation,wages",,"white collar workers,knowledge workers, contract workers","Austin, TX",,"Google, Cognizant",40,,,,,,,,,
208,,"Over 30k Amazon workers joined a slack channel called ""remote advocacy"" and signed a petition to criticize a return-to-office mandate after mass layoffs.",2023-03-24,https://www.businessinsider.com/amazons-hr-boss-rejects-employee-remote-work-petition-2023-3,open letter,working conditions,,"knowledge workers,white collar workers,in-house workers","Seattle, WA",,Amazon,30000,,,,,,,,,
209,,"Over 1900 Amazon workers planned a walkout over climate demands, layoffs, and return-to-office mandate.",2023-05-31,https://www.theguardian.com/technology/2023/may/31/amazon-workers-walkout-seattle-layoffs,"walkout,strike","climate,layoffs,working conditions",,"knowledge workers,white collar workers,in-house workers","multiple (Seattle, WA)",,Amazon,1900,,,,,,,,,
210,,Google AI raters contracted by Appen win an NLRB ULP after being fired for speaking out about working conditions. They were reinstated to their jobs.,2023-06-26,https://www.fastcompany.com/90915094/google-ai-raters-who-were-fired-after-speaking-out-are-reinstated,legal action,"union activity,retaliation,working conditions",,"white collar workers,knowledge workers, contract workers",unknown,,Appen,unknown,,,,,,,,,
211,,"A few hundred Google workers sign a petition protesting a Google-sponsored Pride event in San Franciso, featuring a Drag performer by the name of ""Peaches Christ,"" arguing that the event is disrespectufl of Christian Google employees. Google took the event down from its events page and distanced itself from the event in public statements.. ",2023-06-28,https://www.nbcnews.com/nbc-out/out-news/google-distances-company-sponsored-drag-show-employee-petition-rcna91597,open letter,political speech,,"knowledge workers,white collar workers,in-house workers","San Francisco, CA",,Google,hundreds,,,,,,,,,
212,,Hundreds of OpenAI employees sign petition asking Board to resign and calling for Sam Altman's reinstatement. The petition also threatens that they wil themselves resign.,2023-11-21,https://www.bbc.com/news/business-67470876,open letter,other,,"knowledge workers,white collar workers,in-house workers",unknown,,OpenAI,500,,,,,,,,,
213,,"Google and Amazon workers held a vigil for Mai Ubeid, a former Google intern who was killed alongside her family by an Israeli airstrike in Gaza. The protest condemned Google and Amazon's $1.2 billion ""Project Nimbus"" contract, which provides the Israeli goverment and nilitary with cloud computing services. ",2023-12-01,https://www.theguardian.com/technology/2023/dec/01/google-intern-gaza-israel-military-contract-project-nimbus,protest,government contract,,"knowledge workers,white collar workers,in-house workers","New York City, NY, United States",,"Google, Amazon",unknown,,,,,,,,,
214,,"Around 30 Google workers staged a sit-in in Google offices to protest  Google's ""Project Nimbus"" contract with the Israeli government and military to provide cloud computing services. 28 Google workers were fired. ",2024-04-18,https://www.businessinsider.com/google-memo-warning-employees-think-again-before-sit-in-protests-2024-4,protest,government contract,,"knowledge workers,white collar workers,in-house workers","multiple (New York, NY, Sunnyvale, CA)",,Google,28,,,,,,,,,
215,,"Ex-Twitter employees seek class action status in their lawsuit against X, claiming X is stalling their arbitration process, post mass-layoffs.",2024-06-18,https://www.law360.com/benefits/articles/1849192/ex-twitter-workers-seek-class-cert-in-arbitration-fee-fight,legal action,working conditions,,"knowledge workers,white collar workers,in-house workers",California,,X Corp. (Twitter),unknown,,,,,,,,,
216,,NLRB files formal complaint on behalf of 83 Grindr workers who were fired after refusing to comply with a return-to-office mandate that the workers were givn two weeks to comply with. The workers filed NLRB complaints in August. The workers' filings and the NLRB complaint allege that the RTO policy was only put in place in retaliation against workers for organizing a union at Grindr.,2024-11-05,https://www.techradar.com/pro/grindr-accused-of-using-return-to-office-policy-to-thwart-unionization-and-push-workers-out,legal action,"union activity,union busting,working conditions,retaliation",,"knowledge workers,white collar workers,in-house workers","multiple (California, Nevada, Hawaii)",,Grindr,83,,,,,,,,,
217,,"Amazon workers created an anonymous survey about return-to-office, which over 2500 Amazon workers responded to. The survey indicated over 73% of respondants were considering leaving Amazon over the policy. The survey creators intended to deliver the results to Andy Jassey.",2024-11-11,https://www.cnbc.com/2024/09/26/73percent-of-amazon-workers-considering-quitting-after-5-day-rto-mandate.html,open letter,working conditions,,"knowledge workers,white collar workers,in-house workers","Seattle, WA",,Amazon,2500+,,,,,,,,,
218,,"1250+ Google workers sign peititon to Sundar Pichai demanding  and end to layoffs, voluntary buyouts, severance, and and end to using performance reviews to lay off workers. ",2025-01-29,https://www.hindustantimes.com/business/over-1-250-google-workers-demand-job-security-from-ceo-sundar-pichai-amid-layoff-concerns-101738152726398.html,open letter,layoffs,,"knowledge workers,white collar workers,in-house workers",multiple (United States; Canada),,Google,1250,,,,,,,,,
219,,"Meta workers ciruclate a petition to bring back tampons in Men's bathrooms in Meta offices, after the company removes them as part of rolling back diversity initatives in a move seen as attempting to get closer to the Trump administration. Workers also placed tampons and other sanitary products back in Men's bathrooms themselves.",2025-01-29,https://www.nytimes.com/2025/01/29/technology/tampons-silicon-valley-workers-protest.html,"open letter,protest","gender equity,political speech",,"knowledge workers,white collar workers,in-house workers",multiple,,Meta,unknown,,,,,,,,,
220,,Microsoft workers stage a protest against the comapny's contracts with the Israeli military at the company's 50th anniversary party. Two workers were later fired.,2025-04-04,"https://apnews.com/article/microsoft-ai-protest-israel-gaza-50th-anniversary-fadcb37bcce7e067f896ec5502d187b6, https://www.theguardian.com/technology/2025/apr/18/microsoft-ai-israel-gaza-war",protest,"ai ethids,military contract",,"knowledge workers,white collar workers,in-house workers",unknown,,Microsoft,30,,,,,,,,,
221,,"Fired Google workers file class action lawsuit that they were fired illegally for protesting the treatment of Arab and Muslim Google employes, and the company's Project Nimbus contract.",2025-04-14,https://www.law360.com/media/articles/2324975/google-fired-workers-for-pro-palestine-views-suit-says,legal action,"political speech,racial equity,retaliation",,"knowledge workers,white collar workers,in-house workers","California, United States",,Google,unknown,,,,,,,,,
222,,"Laid-off Twitter workers file lawsuit against X, over unpaid severance",2025-04-14,https://www.law360.com/employment-authority/articles/2325143/musk-s-x-sued-over-wash-worker-severance-pay-bonuses,legal action,"layoffs,wages",,"knowledge workers,white collar workers,in-house workers",Washington,,X (Twitter),150,,,,,,,,,
223,,Google DeepMind UK workers announce union drive. They state one of the main aims is to have more control over the company signing military and government contracts. ,2025-04-26,https://www.reuters.com/sustainability/sustainable-finance-reporting/deepmind-uk-staff-plan-unionise-challenge-deals-with-israel-links-ft-reports-2025-04-26/,union drive,"military contract,government contract,ai ethics",,"knowledge workers,white collar workers,in-house workers","London, United Kingdom",,Google DeepMind,300,,,,,,,,,
224,,"GlobalLogic contractors for Google as AI data labelers announce union drive, release petition for pay parity and job security. Two workers were fired for organizing and filed ULPs with the NLRB.",2025-05-28,https://www.thenation.com/article/society/google-ai-workers-union/,"union drive,legal action","working conditions,layoffs",,"white collar workers,knowledge workers, contract workers",unknown,,Google,unknown,,,,,,,,,
225,,"Kickstarter United union staged a six-week strike for a higher salary floor, four-day workweek, and other demands. The strike lasted from 10/20/2025 to 11/13/2025.",2025-11-13,https://www.nytimes.com/2025/12/26/business/tech-employees-activism-kickstarter.html,strike,"wages,working conditions",,"knowledge workers,white collar workers,in-house workers","New York, NY",,Kickstarter,unknown,,,,,,,,,
226,,The New York Times Tech Guild Workers went on strike for 5 days for their first union contract. ,2024-11-04,https://www.nytimes.com/2024/11/04/business/media/new-york-times-strike.html,strike,"wages,working conditions",,"knowledge workers,white collar workers,in-house workers","New York, NY",,New York Times,600,,,,,,,,,
227,,Over 1000 employees (including management) of frontier AI labs signed an open letter asking the US government to slow the pace of AI development.,2026-07-28,https://www.cnn.com/2026/07/28/tech/ai-development-tech-employees-open-letter,open letter,ai ethics,,"knowledge workers,white collar workers,in-house workers",unknown,,"OpenAI, Meta, Google, Anthropic",1000,,,,,,,,,
228,,"Over 1600 Meta employees signed an open letter in protest of an announcement that Meta was turning on keystroke-tracking software on all employee laptops, ostensibly in order to train better AI models to do computer work. The policy was overturned a month later, June 22, 2026, after data collected by the software was found to be internally-public within the company in a security breach. ",2026-05-14,https://archive.is/02FY1,open letter,working conditions,,"knowledge workers,white collar workers,in-house workers",unknown,,Meta,1600,,,,,,,,,
229,,"Over 600 laid-off Oracle workers sign a petition asking for severance, better extended benefits, and more, after 30k employees were laid off. ",2026-04-17,https://time.com/article/2026/04/30/oracle-layoffs-ai-tech-jobs/,open letter,layoffs,,"knowledge workers,white collar workers,in-house workers",unknown,,Oracle,600,,,,,,,,,
230,,The NLRB ruled in favor of a software engineer at Atlassian who was fired in 2023 after helping to organize and speaking internally in the company about working conditiosn like job title changes and the CEO's spending.,2026-07-01,https://www.nytimes.com/2026/07/10/business/atlassian-tech-worker-wrongful-termination.html,legal action,"retaliation,working conditions",,"knowledge workers,white collar workers,in-house workers",unknown,,Atlassian,1,,,,,,,,,
231,,Over 300 tech workers at the Washington Post announce union drive,2025-04-07,https://newsguild.org/hundreds-of-tech-workers-at-the-washington-post-form-tech-guild/,union drive,"working conditions,job security,racial equity",,"knowledge workers,white collar workers,in-house workers","Washington D.C., United States",,Washington Post,300,,,,,,,,,
232,,"Washington Post Tech Guild wins union election, 171-38",2025-05-23,https://newsguild.org/washington-post-tech-guild-overwhelmingly-votes-to-certify-union-in-historic-election/,union drive,"working conditions,job security,racial equity",,"knowledge workers,white collar workers,in-house workers","Washington D.C., United States",,Washington Post,209,,,,,,,,,